number,q1,q2,q3,q4,q5,q6,q7,q8,q9,q10,q11,q12,q13,q14,q15,q16,q17,q18,q19,q20,q21,q22,q23,q24,q25,q26,regio,tah
1,3,2,1,1,2,1,0,13,4,1,0,3,3,1,3,1,1,0,34,1,3,13,0,1,3000,2,1,1
2,2,-1,2,1,2,1,1,10,4,1,1,-1,1,-1,0,0,0,0,32,1,2,9,0,3,4000,14,2,1
3,4,3,2,0,1,1,0,6,2,1,1,1,3,1,1,0,0,0,34,1,2,9,0,1,3000,19,2,1
4,4,3,2,0,1,1,0,2,2,1,0,1,4,2,1,1,1,0,34,0,5,18,1,-2,5000,19,2,2
6,4,3,2,1,0,1,1,0,4,1,1,4,3,1,1,2,0,0,23,0,5,18,3,-2,3000,19,2,2
9,1,3,0,1,0,0,0,3,4,1,0,0,3,3,0,2,2,0,29,1,3,13,0,3,3000,1,1,1
12,3,3,2,1,1,0,0,20,4,1,1,0,2,3,1,2,3,0,40,1,3,13,0,3,5000,11,2,1
13,4,3,2,0,1,1,0,12,4,1,0,0,0,0,0,0,0,0,44,1,3,13,0,3,-2,11,2,1
14,0,3,2,1,1,0,0,16,4,1,0,0,3,0,1,2,1,0,32,2,3,13,0,3,6500,14,2,1
15,0,3,1,1,1,0,0,8,3,1,1,3,3,4,1,2,2,0,18,0,3,13,3,-2,5000,1,1,1
16,3,3,2,1,1,1,0,17,4,1,0,0,4,0,0,0,0,0,30,1,4,17,0,0,3000,1,1,2
17,3,3,2,0,0,1,0,10,4,0,0,3,3,0,0,0,0,0,21,0,4,15,0,3,6000,1,1,2
18,3,0,2,0,1,1,0,7,4,1,1,3,1,4,4,2,1,0,33,1,4,17,0,1,30000,14,2,2
19,1,3,1,1,2,1,0,6,4,1,0,0,3,0,0,0,0,0,35,1,5,19,0,2,5000,14,2,2
20,2,3,2,1,1,1,0,13,2,1,0,1,2,1,1,1,1,0,26,0,4,17,0,3,4500,8,1,2
24,4,3,2,1,0,1,0,6,4,1,0,3,3,1,0,4,0,0,57,1,4,17,4,-2,7500,3,1,2
25,3,-1,2,0,1,0,0,0,4,1,0,0,2,1,0,0,0,0,55,1,4,15,4,-2,5000,3,1,2
26,3,3,2,0,0,1,1,7,4,1,1,3,3,3,0,0,0,0,42,1,6,20,0,0,3000,11,2,2
28,1,-1,-1,0,2,1,0,10,4,1,0,3,3,1,2,-1,-1,0,60,1,4,15,0,3,-2,3,1,2
29,4,3,2,0,1,1,0,13,2,1,0,0,4,0,0,0,0,0,31,1,5,19,0,3,6500,3,1,2
30,0,-1,2,0,1,1,1,12,4,1,0,0,2,0,0,0,0,0,23,0,4,17,0,3,7500,3,1,2
31,3,3,1,0,0,0,1,0,4,1,1,3,4,1,3,3,3,0,26,1,4,17,0,2,3000,3,1,2
32,0,3,2,0,0,1,1,2,4,0,0,2,4,2,1,1,2,0,29,0,5,19,0,1,4000,3,1,2
33,3,3,0,0,1,0,1,16,4,1,1,0,1,1,3,0,0,0,19,0,3,13,0,3,10000,3,1,1
39,4,3,2,1,1,1,1,2,4,1,1,1,3,3,2,2,2,0,21,0,4,16,3,-2,-2,4,1,2
41,3,3,1,0,0,0,0,10,3,1,0,3,3,3,0,0,0,0,35,1,4,17,0,0,4500,7,1,2
46,4,3,1,0,1,1,0,12,3,1,1,0,3,3,0,2,2,0,24,0,4,17,0,3,-2,1,1,2
47,3,3,2,0,1,0,0,12,4,1,0,3,3,0,0,0,-1,0,40,1,4,17,0,1,4000,1,1,2
48,1,3,1,0,0,1,1,2,4,1,0,0,4,0,0,4,4,0,74,1,4,17,4,-2,-2,1,1,2
50,4,3,2,0,1,1,0,2,3,1,0,0,4,0,0,0,0,0,40,0,6,23,1,-2,2500,1,1,2
51,0,-1,2,1,2,0,0,13,4,1,0,0,1,1,0,0,0,0,30,0,5,19,0,2,7000,2,1,2
52,3,3,-1,0,0,1,0,25,4,1,-1,1,-1,2,0,2,-1,0,28,0,4,17,0,3,-2,2,1,2
53,3,2,2,1,1,1,0,12,4,1,0,3,3,0,0,0,0,0,30,0,4,17,0,1,10000,2,1,2
54,0,-1,2,-1,0,1,1,24,3,0,0,1,3,1,3,2,2,0,24,0,4,17,0,3,15000,2,1,2
55,3,3,2,0,0,1,0,13,2,1,1,1,1,4,3,2,1,0,30,0,3,13,0,3,-2,2,1,1
56,4,3,2,0,1,1,1,3,4,0,0,0,0,0,0,0,0,0,35,0,4,17,0,1,-2,2,1,2
57,0,-1,2,0,1,1,0,13,3,1,-1,-1,4,1,0,0,0,0,36,1,2,9,0,3,-2,2,1,1
58,2,3,2,1,0,1,0,15,4,1,0,0,3,1,1,0,0,0,42,1,3,13,0,3,-2,2,1,1
59,0,-1,2,0,1,1,1,13,0,1,0,0,4,0,0,0,2,0,30,0,3,13,0,1,-2,4,1,1
60,3,-1,2,0,0,0,2,0,4,1,0,0,3,0,0,0,-1,0,32,0,5,19,0,1,4500,4,1,2
61,2,-1,2,1,1,0,0,3,4,1,0,1,3,3,3,2,2,0,46,1,1,6,0,1,3000,4,1,1
62,2,-1,2,1,0,1,0,20,4,1,0,0,4,0,0,0,0,0,30,0,3,13,0,1,6000,4,1,1
63,4,3,2,0,1,0,0,8,4,1,0,0,4,0,0,0,0,0,45,1,5,19,0,0,10000,4,1,2
65,2,3,0,1,0,1,1,8,4,1,0,1,3,0,4,0,2,0,48,1,4,17,0,1,2200,7,1,2
66,4,3,2,0,1,0,0,16,4,0,1,0,4,0,0,0,2,0,72,1,2,9,4,-2,-2,7,1,1
68,0,1,1,0,0,1,0,1,4,1,1,3,3,3,3,1,1,0,70,2,4,15,4,-2,4000,7,1,2
71,3,3,2,1,1,1,0,10,4,1,1,3,3,3,1,0,0,0,50,1,4,15,0,3,1500,16,2,2
73,3,3,2,0,2,1,1,12,4,1,1,3,3,1,0,0,0,0,35,0,4,17,0,3,5500,7,1,2
74,4,-1,0,0,2,1,0,12,2,1,0,0,2,1,1,1,0,0,55,1,2,9,0,3,4500,7,1,1
76,4,3,0,1,1,0,0,2,4,1,2,4,2,1,2,2,-1,0,18,0,3,13,3,-2,2000,19,2,1
77,3,-1,2,0,1,0,1,24,1,1,1,2,1,3,0,1,2,0,19,0,3,13,0,1,-2,19,2,1
80,3,1,-1,0,0,1,0,6,4,1,1,2,1,2,1,1,0,0,67,1,3,13,4,-2,9000,5,1,1
82,3,3,1,1,1,1,0,7,4,1,0,1,3,2,0,0,0,0,25,0,3,13,0,3,3000,16,2,1
83,4,3,2,0,2,1,0,12,4,1,0,0,4,1,2,1,1,0,47,1,3,13,0,1,4500,7,1,1
84,3,3,2,0,1,1,0,16,4,1,0,1,0,0,0,1,0,0,46,1,4,15,0,3,5000,16,2,2
85,2,0,0,0,1,1,0,12,4,1,0,2,4,0,1,1,1,0,35,1,4,17,0,3,5500,7,1,2
86,2,3,2,1,0,1,0,12,4,1,1,3,1,1,2,2,2,0,65,1,1,6,0,3,5500,16,2,1
87,0,0,0,1,0,1,1,1,4,1,0,3,3,0,3,0,0,0,64,1,3,13,4,-2,15000,5,1,1
89,4,3,2,1,0,0,0,5,4,1,0,0,2,2,0,0,0,0,35,0,6,24,0,2,-2,7,1,2
90,4,2,2,0,1,1,0,12,3,1,0,0,3,0,2,2,1,0,29,0,5,19,0,3,5500,7,1,2
91,3,3,2,0,1,0,1,12,4,1,1,4,0,3,0,0,0,0,33,1,5,19,0,0,4000,7,1,2
93,1,3,2,1,1,1,0,10,3,0,0,0,3,0,2,1,0,0,55,1,5,19,0,1,10000,7,1,2
96,0,-1,0,1,0,1,1,12,1,1,0,0,0,0,0,0,1,0,48,1,3,11,0,3,5000,5,1,1
101,4,3,2,0,1,1,0,12,4,1,0,0,4,0,0,0,0,0,34,1,3,13,0,3,-2,1,1,1
102,4,3,2,0,1,1,0,8,4,1,0,0,4,0,1,1,1,0,40,1,3,13,0,1,3000,11,2,1
103,4,3,2,0,1,1,0,8,3,1,0,1,3,0,0,0,0,0,48,1,5,19,0,1,7000,1,1,2
104,0,-1,0,1,1,1,0,18,2,0,0,3,2,0,1,0,0,0,39,2,3,13,0,3,6000,11,2,1
106,1,0,0,1,0,1,1,8,1,1,1,3,1,3,1,3,4,0,49,1,5,19,0,0,8000,12,2,2
107,2,3,2,0,0,1,0,13,4,1,1,1,4,3,2,0,1,0,50,2,2,9,0,3,2500,11,2,1
109,0,-1,-1,0,1,1,1,2,4,0,1,3,0,3,4,2,0,0,70,1,1,6,4,-2,5000,11,2,1
111,0,-1,-1,1,2,1,0,14,1,1,0,2,2,2,2,0,0,0,30,1,3,13,0,3,-2,11,2,1
114,4,3,2,1,0,1,1,14,3,1,0,3,3,2,2,0,-1,0,35,1,5,19,0,1,-2,12,2,2
115,3,1,2,1,2,0,0,4,4,1,0,1,3,3,3,3,3,0,31,1,3,13,0,3,5000,12,2,1
116,0,3,2,0,1,1,0,0,4,1,0,1,4,1,2,0,0,0,34,1,4,15,0,0,4000,12,2,2
120,4,3,0,0,0,1,0,6,4,0,1,4,1,3,1,0,2,0,19,0,3,13,0,1,-2,12,2,1
121,2,3,2,1,0,1,0,16,4,1,0,4,4,1,4,2,0,0,30,0,4,17,0,3,10000,11,2,2
123,4,-1,1,1,1,0,0,13,2,1,1,3,0,3,-1,0,0,0,60,1,3,13,0,1,4000,4,1,1
127,3,3,0,0,0,1,1,18,4,1,0,0,4,0,4,4,1,0,33,1,2,9,0,1,1500,4,1,1
130,4,2,0,1,1,1,0,1,4,1,0,3,4,0,3,0,0,0,40,0,4,17,0,1,7000,4,1,2
132,1,3,2,0,1,1,0,8,3,1,0,0,3,1,1,0,0,0,36,0,3,13,0,1,3500,4,1,1
134,0,1,0,1,1,1,0,0,1,1,1,1,4,1,3,2,1,0,60,1,3,10,4,-2,3500,21,2,1
137,4,3,1,1,1,1,0,0,4,0,0,1,4,1,2,3,-1,0,62,1,3,13,4,-2,4000,21,2,1
142,0,1,-1,1,2,0,0,0,0,1,0,1,3,1,1,2,-1,0,29,0,4,17,0,1,5000,22,1,2
144,0,-1,2,1,1,1,0,24,0,1,0,0,3,0,0,0,0,0,30,0,4,17,0,1,7000,1,1,2
146,3,3,-1,0,0,0,2,3,4,1,-1,2,3,1,1,3,1,0,22,0,4,17,0,1,2000,7,1,2
147,4,0,1,1,0,1,0,10,4,1,0,0,4,3,2,1,0,0,23,0,4,17,0,1,4000,4,1,2
148,3,3,2,1,0,0,1,9,4,1,0,3,4,3,3,3,3,0,26,0,6,21,0,2,6000,7,1,2
149,3,3,0,1,0,1,0,5,3,1,0,3,3,3,1,1,1,0,20,0,4,15,3,-2,6000,2,1,2
150,1,3,2,0,0,1,2,7,4,1,0,1,3,1,3,0,0,0,20,0,4,15,3,-2,-2,2,1,2
152,4,3,2,0,1,0,0,8,4,0,0,1,4,0,0,0,0,0,34,1,4,17,0,3,5000,2,1,2
153,2,-1,0,1,1,1,1,5,3,1,0,3,1,0,4,2,1,0,68,1,5,19,4,-2,6000,2,1,2
155,2,3,0,-1,0,0,1,8,4,1,0,1,3,1,3,3,1,0,53,1,5,19,0,3,8000,4,1,2
156,0,3,2,1,0,1,0,18,4,1,1,3,3,3,1,0,1,0,21,0,5,18,3,-2,8000,4,1,2
159,3,-1,2,1,2,1,0,1,4,1,1,3,4,1,3,1,-1,0,55,1,1,6,0,0,-2,4,1,1
160,3,1,2,0,1,1,0,24,4,1,0,1,3,0,0,0,0,0,32,1,5,19,0,1,8000,4,1,2
161,0,-1,0,-1,0,1,1,7,4,1,2,3,2,3,3,3,-1,0,83,1,4,17,4,-2,5000,4,1,2
162,3,-1,2,0,1,1,0,2,4,1,0,3,3,1,2,2,2,0,80,1,1,6,4,-2,-2,4,1,1
163,3,-1,2,-1,2,1,1,12,4,0,0,2,3,1,2,1,0,0,67,1,1,6,0,1,-2,4,1,1
164,1,1,0,0,1,1,0,6,4,1,0,0,3,0,0,0,0,0,37,1,4,17,0,0,-2,4,1,2
166,2,3,-1,1,0,1,0,13,4,1,0,0,4,0,2,3,2,0,35,1,4,17,0,3,6000,1,1,2
167,2,3,2,0,2,1,1,8,4,1,0,0,4,3,2,2,0,0,61,1,6,23,0,3,7000,1,1,2
171,2,3,0,0,1,1,1,25,4,1,1,3,4,0,4,3,0,0,40,1,5,19,0,3,13000,1,1,2
174,2,3,-1,0,0,1,1,3,4,1,0,0,4,0,0,0,0,0,37,0,4,17,0,3,8000,1,1,2
177,3,2,0,0,1,1,0,8,3,0,0,1,1,0,0,0,0,0,39,1,4,17,0,1,12000,4,1,2
178,4,-1,2,0,1,1,1,0,4,1,1,1,3,3,2,2,2,0,22,0,4,16,3,-2,-2,3,1,2
179,1,3,1,0,0,1,2,12,4,1,0,0,4,3,1,1,0,0,36,1,3,13,0,1,3000,13,2,1
183,0,-1,2,2,0,1,0,0,4,1,-1,3,4,4,2,3,0,0,70,1,3,12,6,-2,5000,3,1,1
185,2,3,-1,0,2,0,2,8,3,1,1,1,3,1,3,2,-1,0,37,1,5,19,0,1,3000,1,1,2
188,2,3,0,1,0,1,0,4,3,1,0,0,4,0,1,2,0,0,29,1,4,17,0,1,4000,17,2,2
194,2,-1,2,2,0,1,0,0,4,1,0,3,3,1,0,1,1,0,60,1,3,13,4,-2,-2,14,2,1
197,4,3,2,0,1,1,0,2,4,1,0,3,3,2,0,1,0,0,37,1,4,17,0,4,-2,4,1,2
199,4,-1,2,0,1,0,1,15,4,1,0,1,3,1,0,3,0,0,25,0,4,15,0,3,-2,4,1,2
201,3,3,2,2,2,1,1,25,4,1,0,2,3,2,3,2,2,0,63,1,3,13,4,-2,3500,14,2,1
203,2,3,2,-1,1,0,0,9,4,1,0,0,4,1,1,0,0,0,43,1,4,17,0,3,7000,4,1,2
204,4,3,2,0,1,1,0,2,4,0,0,3,4,0,1,1,1,0,60,1,4,17,4,-2,8000,4,1,2
205,2,-1,2,0,1,1,0,10,3,1,0,1,3,0,0,0,0,0,32,0,5,19,0,1,3500,4,1,2
212,0,3,-1,1,0,1,0,18,0,1,0,3,4,1,3,3,3,0,61,1,1,6,0,2,4000,4,1,1
215,1,1,2,1,0,0,0,9,4,1,1,3,3,3,2,2,0,0,27,1,4,17,0,1,8000,11,2,2
216,4,2,0,0,1,1,0,1,4,1,0,1,4,0,2,3,2,0,60,2,3,13,4,-2,3500,14,2,1
217,2,3,0,0,1,1,0,9,3,0,0,2,3,1,2,2,-1,0,27,1,3,13,0,1,-2,17,2,1
220,4,-1,2,0,1,1,0,12,4,1,1,4,4,4,2,3,3,0,39,1,3,13,0,3,2500,9,2,1
222,2,3,2,1,1,0,0,3,3,1,-1,2,3,1,0,1,2,0,20,0,3,13,3,-2,1500,6,1,1
226,1,3,2,1,0,1,1,1,4,0,0,1,4,0,1,0,-1,0,76,1,4,17,4,-2,3000,7,1,2
230,3,3,2,1,0,1,1,13,3,1,0,1,3,1,0,0,2,0,55,1,4,15,0,1,3500,21,2,2
232,4,2,2,1,0,1,1,10,3,1,1,1,3,1,3,1,0,0,49,1,5,19,4,-2,2000,5,1,2
233,4,3,2,0,1,0,0,16,4,1,0,1,4,0,0,0,0,0,45,1,4,17,0,3,6500,5,1,2
234,4,-1,2,0,2,1,1,15,4,1,0,0,3,1,0,0,0,0,28,0,4,17,0,3,5000,2,1,2
235,4,-1,0,1,1,1,0,18,4,1,1,1,1,2,0,0,0,0,35,0,4,17,0,2,5000,2,1,2
236,0,1,2,2,0,1,1,0,0,1,2,4,0,2,0,4,4,0,50,1,6,23,0,2,8000,1,1,2
237,2,3,2,1,1,1,0,10,4,1,0,0,4,0,0,0,0,0,41,1,3,13,0,3,4000,5,1,1
238,4,3,2,0,1,1,0,12,4,1,0,1,4,0,1,4,4,0,20,0,4,14,3,-2,5000,5,1,2
239,4,3,2,0,1,1,1,7,3,1,0,0,0,0,0,0,0,0,29,1,4,15,0,3,4000,5,1,2
240,4,3,2,0,1,1,0,12,4,1,0,1,3,0,0,0,-1,0,27,1,4,17,0,3,7500,5,1,2
241,4,3,2,0,1,1,0,3,4,1,1,2,3,3,2,0,0,0,25,0,4,17,0,3,9000,16,2,2
242,0,3,0,0,1,1,1,10,4,1,0,0,4,0,0,3,3,0,20,0,3,13,0,3,3500,5,1,1
243,2,2,2,0,0,1,0,12,4,1,0,0,1,0,4,0,0,0,60,1,3,13,4,-2,5000,5,1,1
245,0,3,2,2,1,1,0,0,4,1,1,1,1,4,4,0,0,0,40,1,4,15,0,3,3000,5,1,2
246,4,3,2,0,1,1,0,4,4,1,0,0,3,0,0,0,0,0,27,1,6,20,0,3,10000,16,2,2
247,3,3,0,0,1,1,0,13,4,0,0,1,4,0,1,1,0,0,30,1,4,15,0,0,4500,9,2,2
251,4,3,0,1,0,1,0,10,3,1,0,1,3,1,0,0,0,0,34,1,3,13,0,1,4500,16,2,1
252,1,-1,-1,2,2,1,1,3,4,1,-1,2,2,2,2,2,2,0,30,0,4,17,0,-1,-2,5,1,2
255,0,3,2,2,0,1,0,8,3,1,1,0,3,3,1,1,1,0,26,1,3,13,0,3,2500,16,2,1
256,3,3,2,1,1,0,0,18,3,1,0,0,4,1,-1,0,0,0,32,1,4,15,0,3,3000,19,2,2
258,2,3,2,1,0,1,0,1,2,1,1,1,3,4,0,0,0,0,29,0,4,15,0,1,6500,16,2,2
259,4,3,0,1,1,1,0,24,4,1,0,3,4,2,-1,-1,-1,0,35,1,-1,-1,0,1,-2,5,1, 
260,3,-1,-1,1,2,1,0,0,4,1,0,0,2,2,0,0,0,0,28,0,3,13,0,1,-2,5,1,1
266,4,3,2,1,1,1,0,5,4,1,1,4,3,1,4,2,0,0,70,1,2,9,4,-2,5000,20,2,1
267,2,3,1,0,1,1,1,12,4,1,0,1,3,1,0,0,0,0,22,0,3,13,0,1,-2,20,2,1
274,0,3,0,1,1,1,0,15,4,1,0,3,3,1,2,3,2,0,40,1,2,9,0,1,2500,17,2,1
277,4,3,0,0,1,0,0,7,2,1,0,1,3,2,1,2,2,0,18,0,3,13,1,-2,5000,4,1,1
280,2,3,0,1,1,1,0,12,3,1,0,1,2,1,0,1,3,0,22,0,3,13,0,3,5000,4,1,1
285,3,3,2,0,1,1,0,12,4,1,0,1,4,1,1,3,1,0,46,1,5,19,0,3,10000,10,2,2
286,4,3,2,0,1,1,0,8,4,1,0,0,4,0,0,0,2,0,28,0,4,17,0,3,5000,5,1,2
292,3,3,2,0,2,1,1,5,4,0,0,2,3,1,2,1,0,0,27,1,5,19,0,1,5000,4,1,2
297,3,3,2,1,1,1,0,1,4,1,0,0,4,0,0,0,0,0,31,0,4,17,0,1,5000,6,1,2
298,1,2,1,0,1,1,0,2,4,1,1,1,3,0,1,0,0,0,44,1,3,13,-1,-2,5000,6,1,1
299,2,3,2,1,0,1,0,4,4,1,0,0,3,1,3,1,1,0,57,1,1,-1,1,-2,6000,4,1,1
301,4,3,2,0,0,1,1,23,1,0,0,0,4,1,0,0,0,0,30,0,5,19,0,0,6000,6,1,2
302,1,3,1,1,2,1,0,10,4,1,0,0,4,0,0,0,0,0,34,0,4,17,0,1,-2,21,2,2
304,4,3,2,0,0,0,1,0,4,0,0,2,3,1,2,3,0,0,29,0,5,19,0,0,-2,5,1,2
306,0,-1,2,1,2,1,0,7,4,1,0,1,3,1,-1,-1,-1,0,53,2,4,17,0,1,-2,6,1,2
307,0,3,2,0,2,1,0,-1,4,1,0,1,3,1,3,3,1,0,57,1,1,6,0,1,5000,21,2,1
309,3,2,2,1,0,0,0,1,4,1,0,3,4,0,0,1,1,0,37,1,4,15,0,1,5000,7,1,2
312,0,1,0,0,0,0,1,9,3,1,1,2,3,2,4,4,0,0,40,1,4,17,0,0,4000,7,1,2
314,0,3,2,0,1,0,0,14,3,1,0,0,4,0,0,0,0,0,47,1,3,13,0,4,6000,16,2,1
315,2,3,2,0,1,1,0,8,1,1,0,0,4,0,0,0,0,0,45,1,2,9,0,3,2000,16,2,1
317,0,3,2,0,0,1,1,7,4,1,1,3,0,0,2,0,0,0,39,1,4,15,0,0,4000,16,2,2
319,4,-1,2,-1,1,1,0,10,4,1,0,1,4,1,4,0,3,0,45,1,6,22,0,2,10000,4,1,2
320,1,3,2,2,0,1,1,0,4,0,0,1,3,1,1,3,0,0,70,1,4,17,4,-2,5000,4,1,2
322,1,-1,-1,0,1,1,1,10,2,1,0,1,3,1,2,-1,1,0,35,1,3,13,0,3,-2,4,1,1
323,3,-1,0,1,1,1,0,0,4,1,0,1,4,1,4,3,-1,0,78,1,1,6,0,3,-2,4,1,1
324,2,3,2,-1,1,0,1,3,4,1,0,1,4,1,1,1,1,0,18,0,3,13,3,-2,-2,4,1,1
327,3,-1,2,0,1,1,0,0,1,1,1,3,3,3,4,0,0,0,53,1,4,17,0,1,-2,4,1,2
331,1,-1,2,0,1,1,0,13,4,1,0,0,1,1,-1,-1,3,0,56,1,3,13,0,2,-2,1,1,1
335,0,-1,-1,-1,1,1,0,12,2,1,0,1,3,1,1,3,3,0,41,1,3,13,0,3,-2,4,1,1
338,2,-1,0,0,0,1,1,8,4,1,1,3,3,3,0,0,2,0,33,1,3,13,0,0,5000,18,2,1
339,3,3,2,0,1,1,0,0,3,1,0,0,4,0,2,2,2,0,26,0,3,11,0,3,-2,10,2,1
340,2,-1,0,1,1,1,1,16,4,1,0,1,4,1,2,2,1,0,34,1,3,13,0,1,2000,10,2,1
341,3,1,1,1,2,1,2,12,3,1,0,1,3,3,0,0,0,0,30,0,5,19,0,2,-2,10,2,2
342,0,2,2,0,1,1,0,10,4,1,1,1,1,4,0,1,0,0,32,0,3,13,0,3,-2,9,2,1
344,0,0,2,0,0,1,1,8,4,0,0,0,4,1,1,0,0,0,33,2,3,13,0,1,5000,21,2,1
346,1,3,1,1,1,1,0,8,2,1,0,0,4,1,2,1,3,0,27,0,4,17,0,3,-2,21,2,2
348,4,3,2,0,2,1,0,17,4,1,0,1,3,2,1,1,2,0,39,1,4,17,0,0,-2,13,2,2
351,3,-1,2,2,2,1,0,0,4,1,0,0,3,0,0,0,-1,0,70,1,1,6,4,-2,-2,16,2,1
352,3,3,0,1,0,0,1,14,1,1,1,1,1,3,3,0,1,0,42,1,4,15,0,0,6000,17,2,2
355,1,3,-1,0,1,1,0,1,4,1,0,2,4,1,2,0,1,0,29,0,4,15,1,-2,7000,17,2,2
358,2,-1,0,0,2,0,0,12,4,1,1,3,3,3,3,3,1,0,51,1,3,13,0,1,3000,20,2,1
361,3,3,1,0,0,1,0,6,3,1,0,1,3,1,1,1,1,0,60,1,3,13,4,-2,5000,2,1,1
362,0,3,2,0,1,1,0,12,4,1,0,1,4,3,2,3,0,0,60,1,3,13,0,1,4000,17,2,1
364,-1,-1,1,0,2,0,0,1,4,1,0,1,3,1,2,3,0,0,80,1,0,1,4,-2,-2,17,2,1
365,2,3,1,0,1,1,0,12,4,1,0,3,2,1,1,0,0,0,35,1,5,19,0,1,5000,17,2,2
366,2,-1,2,0,2,1,0,3,3,1,1,3,2,3,1,2,-1,0,63,1,2,7,0,1,2500,19,2,1
369,4,3,2,0,1,1,0,4,2,1,0,3,4,0,0,0,0,0,50,1,3,13,0,1,6000,12,2,1
373,0,3,2,0,1,0,0,18,4,1,1,1,4,0,2,2,4,0,46,1,4,17,0,2,10000,19,2,2
374,1,2,0,0,1,1,1,13,2,1,0,3,3,2,0,0,0,0,41,2,2,9,0,3,-2,19,2,1
377,2,3,1,2,0,1,1,12,4,0,0,0,4,0,4,-1,1,0,62,1,3,13,4,-2,-2,9,2,1
378,4,1,2,0,0,1,1,3,4,1,0,0,4,0,-1,2,0,0,75,1,4,15,4,-2,4000,9,2,2
383,2,2,0,1,0,1,1,15,3,1,1,4,2,4,4,0,0,0,27,0,3,13,0,1,6000,9,2,1
384,1,3,2,1,1,1,1,3,4,1,0,0,3,0,1,1,0,0,31,1,5,19,0,0,6000,21,2,2
386,4,3,2,0,1,1,1,5,4,1,0,3,4,3,2,1,2,0,26,0,4,17,0,3,4000,22,1,2
388,4,3,2,0,0,1,0,1,4,1,0,0,4,0,2,2,1,0,59,1,1,6,0,3,3000,17,2,1
389,4,3,2,0,1,1,0,4,4,1,0,0,4,1,-1,1,0,0,52,1,1,6,1,-2,5000,21,2,1
390,4,3,2,1,1,1,0,11,3,1,1,0,3,3,3,2,2,0,37,1,2,8,0,1,2500,17,2,1
394,3,3,1,0,1,1,0,10,3,1,1,1,2,3,-1,0,2,0,52,1,2,9,0,3,5000,11,2,1
395,4,2,2,0,0,1,0,8,4,1,0,0,1,0,0,0,0,0,34,1,4,17,0,3,8000,15,2,2
396,4,3,2,0,1,0,1,25,4,1,0,0,4,0,0,0,0,0,28,0,4,17,0,3,5000,11,2,2
397,4,3,2,1,1,1,0,12,4,0,0,0,4,1,1,0,0,0,53,1,3,13,0,3,8000,2,1,1
402,3,-1,2,1,2,1,1,12,4,1,1,3,1,4,2,1,1,0,26,0,5,19,0,1,-2,12,2,2
403,3,-1,2,1,0,1,0,5,4,0,0,3,4,0,3,3,3,0,42,2,3,13,0,3,3000,12,2,1
404,2,3,1,0,1,1,1,2,4,1,1,3,1,3,2,3,3,0,19,0,3,13,3,-2,1000,12,2,1
405,0,-1,-1,1,0,0,0,16,4,1,0,3,4,3,2,2,1,0,24,0,3,13,0,0,6000,12,2,1
406,0,0,0,0,0,1,0,1,4,1,2,3,4,4,2,0,2,0,75,1,0,1,4,-2,2000,12,2,1
407,2,-1,0,1,0,1,0,13,3,1,0,0,4,0,0,0,1,0,22,0,3,13,0,3,7000,14,2,1
410,3,3,2,0,0,1,1,13,4,1,1,3,3,2,3,1,0,0,39,1,5,19,0,1,3000,13,2,2
413,4,-1,2,1,2,0,0,13,2,1,1,3,2,3,2,0,0,0,49,1,2,9,0,3,3000,11,2,1
414,4,3,2,0,0,1,0,1,4,0,0,3,3,4,2,3,0,0,61,1,3,13,4,-2,3000,19,2,1
416,4,-1,2,0,1,1,0,0,3,1,0,3,4,0,0,0,0,0,35,0,4,17,0,1,3500,16,2,2
417,4,3,0,0,1,1,1,10,4,1,0,0,4,0,0,0,3,0,47,1,5,19,0,0,5500,19,2,2
420,3,3,0,0,0,1,1,10,4,0,0,0,4,1,1,0,3,0,38,0,3,13,0,1,5500,19,2,1
421,1,3,2,1,1,1,1,2,4,0,1,0,4,0,2,3,3,0,53,1,3,13,4,-2,4500,22,1,1
422,3,3,2,0,1,1,0,14,0,0,0,3,3,3,0,0,0,0,49,1,3,13,0,3,6000,19,2,1
423,4,-1,2,0,0,0,0,14,4,0,0,3,3,4,2,0,2,0,43,1,3,13,0,2,5500,18,2,1
424,0,1,0,1,1,1,1,1,4,1,1,4,4,3,3,4,2,0,71,1,1,6,4,-2,3500,19,2,1
425,2,-1,-1,2,1,0,1,0,-1,1,0,1,4,1,-1,1,-1,0,71,1,3,13,4,-2,3000,12,2,1
426,4,3,-1,1,1,0,1,10,3,1,0,0,4,3,0,0,0,0,23,0,4,17,3,-2,-2,13,2,2
427,3,3,1,0,0,1,1,15,4,1,-1,2,4,2,1,1,2,0,29,0,3,13,0,1,-2,21,2,1
428,2,3,2,1,0,1,0,3,3,0,0,0,4,0,2,0,2,0,29,0,5,19,6,-2,3000,11,2,2
429,2,3,2,0,0,1,0,8,3,1,0,0,4,0,0,0,1,0,50,1,4,17,0,1,15000,2,1,2
430,3,3,0,1,0,1,1,24,0,1,0,0,2,3,2,0,0,0,35,0,4,17,0,1,7000,19,2,2
431,4,-1,2,1,2,1,1,6,4,1,0,0,0,0,0,0,0,0,58,0,3,13,0,3,8000,1,1,1
432,4,3,1,1,1,1,0,8,4,1,0,0,4,3,1,2,1,0,31,1,4,15,0,3,-2,3,1,2
433,3,2,2,1,1,1,0,5,4,1,0,0,4,0,2,3,2,0,60,1,5,19,0,3,2000,1,1,2
434,3,3,2,1,0,1,0,9,4,1,0,4,1,0,1,0,1,0,28,1,5,19,0,1,3000,15,2,2
435,4,3,2,0,1,1,0,12,4,1,1,0,4,3,0,2,2,0,30,1,2,9,0,3,3500,11,2,1
436,3,2,1,0,1,1,2,3,3,1,0,0,4,0,0,0,0,0,40,1,4,17,0,3,15000,15,2,2
437,4,3,2,0,0,1,0,14,1,1,1,4,4,4,1,0,4,0,45,1,4,17,0,0,7000,21,2,2
439,3,2,2,0,1,1,0,11,3,1,0,0,4,1,1,2,1,0,52,1,3,13,0,3,5000,4,1,1
442,3,3,2,1,1,1,0,1,4,1,0,4,4,4,0,1,1,0,27,1,4,17,-1,-2,3000,15,2,2
444,2,2,0,0,1,1,0,8,4,1,0,0,4,0,3,2,4,0,32,1,4,15,0,0,3500,15,2,2
445,3,3,1,0,0,1,0,2,4,1,0,2,4,3,3,2,2,0,29,1,6,23,1,-2,3000,6,1,2
446,4,3,2,0,1,1,0,8,4,1,0,4,4,0,0,2,2,0,34,1,2,9,0,1,2500,15,2,1
447,4,3,2,1,1,1,1,24,4,1,0,0,4,3,1,2,2,0,28,0,4,17,0,1,4000,4,1,2
448,4,3,1,1,1,1,0,6,4,0,0,0,4,0,2,1,1,0,32,1,4,15,0,3,3000,15,2,2
449,2,3,2,1,1,1,1,11,4,1,0,0,4,0,0,0,0,0,30,0,4,15,0,1,3000,15,2,2
450,4,3,2,0,1,1,0,1,4,1,1,1,3,3,0,1,1,0,28,0,3,13,0,3,-2,10,2,1
451,1,3,2,1,0,0,1,15,4,1,-1,3,3,2,0,1,-1,0,53,1,4,15,0,0,-2,10,2,2
453,4,-1,2,0,1,0,1,9,4,1,0,1,2,1,0,0,0,0,44,1,4,17,0,0,5000,10,2,2
455,2,3,0,0,1,1,1,5,4,1,0,1,2,3,1,2,4,0,18,0,3,12,3,-2,-2,11,2,1
456,3,-1,0,1,1,1,0,10,3,1,0,3,4,1,3,1,0,0,56,1,3,13,0,3,4000,17,2,1
462,3,3,0,0,1,0,0,2,4,1,0,1,3,1,3,1,3,0,22,0,5,18,3,-2,-2,10,2,2
464,3,3,0,0,1,0,0,4,3,1,0,4,3,1,3,1,1,0,26,0,5,19,0,3,7000,9,2,2
465,3,0,0,0,2,1,0,24,4,1,2,3,0,1,3,4,3,0,20,0,3,13,1,-2,-2,10,2,1
466,4,-1,2,-1,1,1,0,12,3,1,0,0,4,0,0,0,0,0,43,1,3,13,0,3,-2,10,2,1
469,1,3,-1,-1,2,0,0,1,4,1,-1,1,3,1,3,3,-1,0,45,1,5,19,0,0,7000,9,2,2
470,0,-1,2,1,1,1,0,15,3,1,1,1,3,1,0,0,1,0,59,1,1,6,0,3,8000,10,2,1
471,0,-1,2,-1,1,0,1,4,1,0,0,0,1,0,0,0,-1,0,45,0,2,9,0,3,-2,17,2,1
472,3,3,1,0,0,1,0,14,3,0,0,0,3,0,2,0,2,0,42,1,5,19,0,3,5000,10,2,2
476,0,-1,-1,-1,1,0,0,11,4,1,1,3,4,1,0,2,0,0,55,0,1,5,0,1,-2,6,1,1
477,0,3,2,1,1,1,0,10,4,1,1,0,3,3,0,0,0,0,27,1,3,13,0,3,4500,5,1,1
478,4,3,2,1,0,1,0,8,3,1,1,3,1,3,2,0,1,0,43,1,5,19,0,1,8000,5,1,2
480,0,3,2,0,1,0,0,6,3,1,0,1,3,3,2,3,3,0,38,1,5,19,0,0,9500,4,1,2
483,2,2,2,0,0,1,1,0,4,1,0,1,3,3,0,0,0,0,60,1,2,9,4,-2,7000,4,1,1
484,3,-1,2,1,0,1,1,3,4,1,-1,3,-1,-1,1,0,0,0,60,1,2,9,0,3,-2,4,1,1
487,1,0,-1,0,0,1,0,24,1,1,0,3,3,3,4,0,-1,0,40,1,4,17,0,-1,-2,22,1,2
488,1,3,2,0,0,1,2,3,4,0,0,1,3,1,1,3,0,0,63,1,4,17,4,-2,4000,1,1,2
491,1,2,0,0,1,0,1,22,4,0,0,3,3,1,3,1,1,0,36,1,6,23,0,0,6000,10,2,2
492,0,3,2,1,0,1,1,10,1,1,1,3,3,3,0,0,0,0,27,0,4,17,0,1,4000,1,1,2
493,3,2,0,0,1,1,0,4,4,1,1,3,1,4,0,0,0,0,22,0,4,15,0,3,4000,1,1,2
496,3,3,0,0,0,1,2,24,4,1,1,2,3,3,0,0,4,0,30,1,5,19,0,3,5000,1,1,2
498,1,3,1,1,0,1,0,12,4,1,0,1,4,3,2,0,0,0,39,0,3,13,0,1,5000,3,1,1
500,2,2,2,0,1,1,1,8,2,1,0,0,3,0,2,1,0,0,38,1,3,13,0,3,5000,20,2,1
501,0,3,2,1,1,1,0,3,4,1,0,1,3,0,1,0,0,0,43,1,3,13,0,3,6500,20,2,1
502,0,3,2,1,2,1,2,8,1,1,-1,3,1,3,0,0,0,0,28,0,3,12,0,1,5000,20,2,1
503,4,1,0,1,0,1,0,12,4,1,2,1,1,3,3,4,3,0,26,0,1,5,0,1,2500,20,2,1
509,0,-1,2,0,0,1,0,5,4,1,0,1,3,1,0,2,2,0,73,1,4,17,4,-2,7000,13,2,2
510,1,3,-1,0,1,1,0,3,4,1,0,2,3,2,2,1,2,0,70,1,3,13,4,-2,-2,13,2,1
511,1,3,2,0,1,1,0,6,4,1,1,1,4,1,1,0,0,0,61,1,4,17,4,-2,6000,13,2,2
512,0,0,0,0,0,0,1,12,4,1,1,3,3,3,3,2,3,0,49,1,4,15,0,0,-2,13,2,2
513,4,3,2,1,1,1,0,4,4,0,0,1,4,1,0,0,0,0,43,1,2,9,1,-2,1500,13,2,1
514,1,3,1,2,1,1,0,12,4,1,0,3,2,2,0,0,2,0,31,1,4,15,0,3,-2,14,2,2
516,0,3,2,1,0,1,0,2,3,1,1,4,3,3,1,0,1,0,59,1,3,10,0,3,8000,14,2,1
519,3,3,2,0,0,0,0,8,4,1,1,3,3,3,1,0,0,0,42,1,3,13,0,1,5000,13,2,1
520,2,3,0,0,1,1,0,1,4,0,0,0,3,1,1,1,2,0,61,1,3,13,4,-2,7000,13,2,1
522,0,2,2,1,1,1,0,16,4,1,0,0,4,1,0,0,0,0,38,1,4,17,0,1,-2,12,2,2
523,3,3,2,0,1,1,0,10,3,0,0,0,4,0,0,0,0,0,31,0,4,15,0,1,6000,13,2,2
524,2,3,2,1,1,1,0,1,2,1,0,0,4,0,1,1,1,0,39,1,3,13,0,2,7000,13,2,1
525,1,3,2,2,1,1,1,8,4,1,0,4,4,0,-1,2,2,0,40,1,4,17,0,0,-2,14,2,2
531,4,3,0,0,2,1,0,4,4,1,0,0,4,0,4,0,0,0,25,1,2,9,1,-2,3000,8,1,1
532,2,3,1,1,0,1,1,9,4,1,0,0,4,0,2,2,1,0,44,1,5,19,0,1,5000,8,1,2
534,0,1,0,0,0,1,0,8,4,1,0,0,4,1,1,1,1,0,55,1,2,9,0,0,6000,8,1,1
535,3,-1,-1,0,0,1,1,1,4,0,0,0,4,1,2,1,2,0,84,1,1,6,4,-2,2000,8,1,1
536,2,3,2,0,1,1,1,3,4,1,0,0,4,0,3,2,2,0,63,1,3,13,4,-2,2000,8,1,1
538,1,3,-1,1,1,1,0,2,4,1,0,1,3,0,1,0,0,0,30,1,3,13,0,3,8000,8,1,1
544,2,-1,1,1,0,1,1,1,4,1,1,4,4,3,2,2,0,0,69,1,1,6,4,-2,4500,15,2,1
546,2,1,0,0,0,1,0,4,3,0,0,3,4,3,2,1,1,0,60,1,1,6,0,3,6000,15,2,1
547,2,3,0,1,0,0,0,5,4,1,0,3,4,0,0,0,-1,0,50,1,2,9,0,1,-2,15,2,1
548,4,3,2,0,1,1,0,14,4,1,0,0,4,0,0,0,2,0,30,1,4,17,0,1,4500,15,2,2
550,1,-1,2,1,1,0,0,2,3,1,-1,3,2,4,3,3,1,0,65,1,4,15,4,-2,2500,15,2,2
551,3,-1,0,0,0,1,0,10,4,1,1,0,1,4,2,0,1,0,50,1,1,6,0,3,2000,15,2,1
552,4,2,2,2,1,1,0,8,4,1,0,0,4,0,0,0,0,0,30,1,4,15,0,1,1500,15,2,2
554,1,-1,1,1,1,1,0,1,1,1,1,0,3,3,2,2,1,0,30,0,3,13,0,1,2000,20,2,1
555,2,2,2,0,0,1,0,10,3,0,0,0,4,0,2,1,-1,0,30,1,4,17,0,0,6500,7,1,2
556,2,3,2,0,1,1,1,8,3,1,0,3,4,3,0,0,0,0,43,1,4,17,0,1,10000,4,1,2
557,0,-1,2,0,1,1,1,2,4,1,0,3,4,0,0,0,0,0,55,1,2,9,0,1,7000,15,2,1
558,0,3,0,1,0,1,0,5,4,1,0,3,3,3,2,0,0,0,67,1,2,9,0,1,4000,20,2,1
559,1,2,2,1,0,1,1,10,2,0,1,3,4,0,-1,2,0,0,50,1,4,17,0,0,9000,3,1,2
560,4,3,2,0,0,0,0,1,4,1,0,3,4,0,4,3,4,0,45,1,4,17,0,0,2000,15,2,2
562,3,0,0,0,0,1,0,2,3,1,0,0,4,3,3,2,1,0,46,1,3,13,0,0,4000,15,2,1
564,3,3,2,0,0,1,0,12,3,1,0,0,3,0,0,0,0,0,47,1,5,19,0,0,7000,2,1,2
565,4,-1,-1,0,0,1,1,2,4,1,0,0,3,1,0,1,1,0,65,1,3,13,4,-2,6000,10,2,1
566,4,-1,1,0,0,0,0,5,4,1,1,1,3,4,3,0,0,0,40,0,3,13,0,3,10000,10,2,1
567,4,-1,2,1,0,1,0,1,4,1,0,1,4,1,3,0,0,0,70,1,2,9,4,-2,8000,10,2,1
568,2,3,2,0,1,0,0,6,4,0,0,1,3,1,0,0,2,0,45,1,5,19,0,0,8000,2,1,2
569,1,-1,0,0,0,1,0,12,4,1,1,2,4,3,2,3,0,0,58,1,2,9,0,1,-2,18,2,1
571,0,3,2,-1,0,1,0,12,2,1,0,0,3,1,0,0,0,0,33,0,4,15,0,3,-2,10,2,2
575,4,3,-1,1,0,1,1,3,3,1,0,1,3,1,2,1,1,0,60,1,4,17,4,-2,7000,6,1,2
576,3,3,0,0,1,1,0,12,4,1,2,3,3,3,0,0,0,0,30,1,4,15,0,1,-2,17,2,2
579,4,3,0,1,0,1,0,2,4,1,1,3,1,3,0,0,0,0,45,1,3,13,0,3,4000,10,2,1
580,1,0,2,0,1,1,1,3,4,1,0,1,3,3,3,2,1,0,63,1,4,17,4,-2,5000,11,2,2
584,3,2,2,0,1,0,1,8,4,1,0,-1,4,1,3,3,2,0,53,1,4,17,0,0,6000,8,1,2
585,3,3,2,0,0,0,1,8,3,1,1,3,4,3,2,1,1,0,53,1,4,17,0,0,10000,4,1,2
591,4,-1,2,0,1,1,1,15,2,1,0,0,4,0,0,0,2,0,42,1,2,9,0,1,4000,12,2,1
593,1,3,1,0,1,0,1,1,4,1,0,0,4,0,1,0,1,0,19,0,3,13,3,-2,-2,2,1,1
594,2,3,2,1,1,1,0,8,4,1,0,1,4,0,1,1,1,0,47,1,5,19,0,0,9000,3,1,2
595,3,3,2,0,0,1,1,8,3,1,1,3,2,4,2,2,1,0,20,0,4,16,3,-2,-2,14,2,2
596,1,1,0,1,1,1,1,8,4,1,0,1,3,1,2,1,1,0,40,1,4,17,0,1,3000,8,1,2
598,1,3,2,1,1,0,0,18,4,1,0,0,4,0,3,0,0,0,36,1,4,15,0,3,5000,14,2,2
600,4,3,2,0,0,0,0,8,4,0,0,0,4,0,0,2,0,0,34,1,4,17,0,0,-2,13,2,2
602,4,3,0,1,0,1,0,9,4,1,1,1,4,-1,4,0,0,0,47,1,2,-1,0,1,-2,8,1,1
603,1,-1,0,1,1,1,0,10,4,1,0,0,3,0,2,-1,3,0,30,0,3,13,0,3,-2,8,1,1
604,3,3,2,1,1,1,2,12,4,1,0,3,4,4,4,0,3,0,38,1,3,13,0,3,-2,14,2,1
605,2,3,0,0,1,1,1,16,1,1,1,0,2,2,0,2,3,0,26,0,3,13,0,3,5000,8,1,1
606,3,3,2,0,1,1,0,0,4,1,0,1,4,0,0,-1,2,0,80,1,3,13,4,-2,5000,8,1,1
607,2,-1,-1,1,1,1,1,12,3,1,1,2,3,3,3,2,-1,0,56,1,2,7,0,0,4000,14,2,1
610,1,-1,2,0,0,1,1,3,4,1,0,2,2,2,2,2,2,0,23,0,-1,-1,-1,-1,-2,14,2, 
615,4,3,2,2,1,0,0,0,4,0,0,3,4,0,2,0,0,0,39,1,6,21,0,3,10000,8,1,2
618,2,2,0,0,1,1,0,2,3,1,0,0,1,0,2,0,1,0,18,0,3,13,3,-2,-2,6,1,1
619,2,-1,1,0,1,1,2,1,4,1,0,0,4,0,-1,2,-1,0,42,1,4,17,0,1,4000,8,1,2
621,2,3,2,2,1,1,0,10,3,1,0,0,4,0,2,0,1,0,26,0,3,13,0,3,5000,14,2,1
625,2,-1,2,1,1,1,0,8,4,0,0,4,4,0,3,3,3,0,42,1,3,13,0,0,3500,15,2,1
626,0,3,2,0,2,1,0,2,4,0,0,0,4,3,-1,0,0,0,38,1,4,17,0,1,4500,20,2,2
628,4,3,2,1,2,1,0,15,4,1,-1,3,2,3,2,2,1,0,40,1,3,13,0,1,3000,15,2,1
629,3,2,0,1,1,1,0,12,3,1,0,0,4,0,0,0,2,0,43,1,2,9,0,1,4500,19,2,1
632,0,-1,2,1,1,1,1,6,4,0,0,0,4,0,0,0,0,0,42,1,5,19,0,1,6000,14,2,2
638,2,3,0,1,1,0,0,12,4,1,1,2,4,3,1,3,3,0,41,1,4,15,0,3,2500,7,1,2
639,4,3,0,0,1,1,0,3,3,1,1,0,0,0,0,2,0,0,30,0,3,13,0,2,17000,4,1,1
644,4,3,2,1,1,1,0,12,4,1,0,0,3,0,0,0,0,0,47,1,6,24,0,2,25000,3,1,2
645,4,-1,0,2,1,1,0,12,3,1,0,2,4,4,2,3,1,0,35,1,4,17,0,0,10000,15,2,2
647,4,3,2,1,1,0,0,10,4,1,0,1,4,0,0,0,0,0,40,1,5,19,0,1,10000,10,2,2
649,4,3,1,1,1,1,1,13,4,1,0,0,4,0,0,0,0,0,32,0,4,17,0,1,6000,4,1,2
654,1,-1,0,0,0,1,1,2,4,1,0,3,3,1,3,3,-1,0,76,1,1,6,4,-2,4000,16,2,1
656,1,0,2,0,1,1,0,1,4,1,0,1,3,1,3,2,-1,0,30,0,2,9,0,1,600,16,2,1
657,3,1,2,1,1,1,1,14,3,1,1,1,1,4,2,0,1,0,18,0,3,13,3,-2,3500,18,2,1
658,4,3,2,0,1,1,1,6,3,1,1,1,3,3,3,3,1,0,22,0,4,17,0,0,7000,4,1,2
662,2,1,2,0,2,1,0,1,4,1,0,1,1,1,0,0,0,0,52,0,3,13,1,-2,3000,2,1,1
663,2,2,1,1,0,0,0,8,3,1,0,1,3,1,0,2,-1,0,41,1,4,15,0,3,5000,22,1,2
664,3,2,2,0,0,0,1,0,4,0,0,3,3,1,3,1,1,0,18,0,3,13,3,-2,-2,2,1,1
665,1,1,2,0,1,0,1,2,4,1,1,1,3,3,1,4,1,0,19,0,3,13,1,-2,8000,15,2,1
667,2,-1,2,2,0,1,1,5,3,1,1,1,3,1,2,2,2,0,67,1,1,6,4,-2,-2,18,2,1
670,1,-1,2,1,0,1,0,0,2,1,1,3,1,4,4,2,0,0,60,1,1,6,1,-2,4000,18,2,1
673,2,3,2,0,1,1,1,8,2,1,2,0,0,0,1,0,0,0,44,1,3,13,0,3,6000,18,2,1
678,1,3,1,0,1,1,0,5,4,1,1,1,3,1,3,2,1,0,35,1,3,13,0,3,-2,18,2,1
681,2,3,2,1,0,0,1,0,4,1,0,0,4,0,2,1,1,0,26,0,5,19,0,1,7000,19,2,2
683,2,3,-1,1,1,1,0,4,2,1,0,3,4,0,0,0,0,0,27,0,4,15,0,1,5000,14,2,2
689,0,-1,2,-1,0,1,1,0,4,1,0,0,4,1,3,3,3,0,80,1,1,6,4,-2,3000,20,2,1
692,1,3,1,0,0,1,0,12,4,1,0,3,4,3,3,1,0,0,25,0,3,13,0,3,-2,20,2,1
693,1,3,2,1,0,0,1,12,2,1,0,1,3,1,1,0,0,0,27,0,4,15,0,3,4000,20,2,2
694,1,3,1,0,2,0,1,6,1,0,0,1,1,1,0,0,0,0,45,1,4,14,0,3,5000,20,2,2
695,3,3,1,0,1,1,0,10,4,0,1,2,1,3,1,1,1,0,25,0,4,17,0,3,-2,13,2,2
696,4,-1,0,0,0,0,0,3,4,0,0,3,3,1,2,1,2,0,54,1,4,17,4,-2,-2,20,2,2
697,0,-1,2,0,0,1,0,4,4,1,0,1,3,3,1,1,1,0,50,1,4,17,4,-2,8000,20,2,2
698,1,3,0,-1,0,1,1,3,2,0,0,1,4,1,0,3,1,0,42,1,4,17,0,3,8000,15,2,2
699,2,3,2,0,1,1,0,8,4,1,0,1,3,1,1,1,3,0,40,1,4,14,0,3,7000,20,2,2
700,3,1,2,1,0,0,2,12,3,1,0,0,3,0,0,2,0,0,42,1,4,15,0,1,6000,12,2,2
701,1,-1,0,0,1,1,0,18,4,0,0,3,3,1,0,1,1,0,54,1,3,13,4,-2,6000,20,2,1
702,3,-1,2,1,2,0,0,8,4,1,0,3,3,1,4,1,0,0,34,0,5,19,0,1,7000,20,2,2
703,1,3,2,1,1,1,0,3,4,1,0,0,0,0,0,0,0,0,60,1,2,9,4,-2,6000,20,2,1
708,1,-1,0,0,1,1,1,25,4,1,0,3,3,1,3,3,1,0,75,1,1,6,4,-2,-2,8,1,1
710,4,0,0,2,0,0,1,3,4,1,1,1,4,4,3,3,4,0,32,1,5,19,0,3,5500,10,2,2
711,0,-1,0,2,1,1,0,10,0,1,0,1,3,2,0,0,-1,0,28,0,3,13,1,-2,15000,13,2,1
712,2,0,1,1,1,1,1,7,3,1,0,0,3,1,2,1,0,0,36,0,4,17,0,2,5000,5,1,2
713,3,3,-1,0,1,1,0,20,4,0,0,0,0,0,0,0,0,0,27,0,4,17,0,3,5500,3,1,2
719,4,3,2,0,1,1,0,12,4,1,0,3,2,1,0,2,0,0,59,1,4,15,4,-2,8500,2,1,2
720,4,3,2,0,0,1,0,1,4,1,0,1,4,3,4,3,2,0,60,1,4,17,4,-2,5000,6,1,2
723,0,0,0,0,0,1,1,0,4,1,1,3,3,4,4,3,3,0,60,1,1,4,4,-2,3500,15,2,1
736,3,3,2,1,1,1,0,6,4,1,0,0,4,0,1,0,0,0,36,1,5,19,0,1,8000,9,2,2
739,4,3,2,0,1,0,0,2,4,0,0,4,4,3,0,1,2,0,50,1,3,13,0,1,10000,16,2,1
740,4,-1,2,0,1,1,0,2,4,1,0,2,4,1,3,3,0,0,59,1,0,1,0,1,3000,15,2,1
743,2,3,0,1,1,1,1,12,4,1,1,4,4,4,4,4,3,0,44,1,4,17,0,0,4000,14,2,2
745,3,1,0,0,1,1,0,2,4,1,1,0,4,3,3,3,2,0,25,0,3,13,0,1,3000,18,2,1
746,4,3,2,1,0,1,0,12,4,1,0,0,4,1,2,2,0,0,45,1,2,9,0,1,-2,15,2,1
747,2,3,1,0,0,1,0,10,4,1,0,0,4,3,2,1,0,0,33,1,3,13,0,1,5000,12,2,1
751,0,1,2,0,1,1,0,12,4,1,0,0,1,2,0,0,0,0,36,1,3,13,0,1,2500,15,2,1
752,2,3,2,0,1,1,0,13,4,1,0,2,3,3,2,0,2,0,37,1,2,8,0,1,2000,15,2,1
753,2,-1,2,1,1,1,0,0,4,1,0,0,4,0,3,3,3,0,42,1,3,13,0,1,2500,4,1,1
754,2,3,1,0,1,1,0,12,1,0,1,3,3,3,2,0,2,0,50,1,2,9,0,1,4000,14,2,1
755,3,-1,0,0,0,1,0,5,4,0,1,0,3,3,2,2,1,0,67,1,3,13,4,-2,3000,15,2,1
756,4,3,2,1,1,1,1,8,3,1,0,0,4,0,0,1,0,0,46,1,6,23,0,1,-2,15,2,2
757,4,3,2,0,0,0,1,5,3,1,1,3,1,4,0,3,2,0,57,1,5,19,4,-2,8000,4,1,2
759,0,3,2,1,1,1,1,5,1,1,0,1,3,2,0,0,0,0,31,1,3,13,0,1,3500,20,2,1
762,3,-1,0,0,1,1,0,4,4,1,0,1,3,1,2,1,2,0,51,0,3,13,0,3,8000,1,1,1
763,3,3,2,0,1,0,0,0,4,1,0,1,3,0,1,1,1,0,18,0,3,13,1,-2,5000,15,2,1
764,4,3,2,1,1,0,1,0,4,1,1,3,3,1,2,3,3,0,18,0,3,13,1,-2,10000,15,2,1
765,1,-1,-1,1,1,1,0,1,4,1,0,3,4,0,2,0,0,0,34,0,2,9,1,-2,4000,20,2,1
768,4,-1,-1,0,2,1,0,0,4,1,-1,-1,-1,3,3,4,4,0,25,0,3,13,0,4,3000,20,2,1
770,0,-1,2,1,0,1,1,5,4,1,1,-1,3,3,0,0,3,0,20,0,1,4,0,1,1500,20,2,1
771,2,-1,0,1,2,1,0,18,4,1,1,1,3,0,2,-1,1,0,18,0,1,6,0,1,-2,20,2,1
777,3,3,2,1,0,0,0,10,3,1,0,1,3,0,0,1,0,0,58,1,4,17,0,1,20000,1,1,2
778,2,3,2,0,1,1,1,15,4,1,1,1,1,3,1,0,0,0,31,1,4,14,0,0,7000,18,2,2
779,0,3,2,1,1,1,1,20,0,1,2,3,1,3,0,1,1,0,19,0,3,13,0,1,5000,18,2,1
780,3,3,2,1,1,0,0,12,4,1,0,1,3,1,1,2,2,0,21,0,3,13,0,1,7000,18,2,1
784,2,3,1,0,0,1,1,0,4,1,0,1,3,1,0,3,1,0,51,1,6,23,0,0,7000,2,1,2
785,3,1,1,1,1,1,0,4,4,1,0,3,4,1,3,3,3,0,37,0,5,19,0,1,6000,2,1,2
786,2,-1,2,0,1,1,0,6,4,1,0,0,3,0,0,0,-1,0,51,1,4,17,0,3,10000,1,1,2
789,1,3,2,1,1,1,0,12,4,1,0,0,3,1,0,0,0,0,47,1,4,17,0,3,-2,2,1,2
791,4,3,0,0,0,1,0,12,4,1,0,1,3,1,3,3,1,0,37,0,4,15,0,1,4000,18,2,2
792,4,3,1,0,1,1,0,12,4,0,0,1,3,1,2,0,0,0,47,1,4,17,0,1,6000,2,1,2
793,3,3,0,1,1,1,0,8,4,0,1,1,1,3,4,1,1,0,68,1,4,17,4,-2,8000,5,1,2
794,1,3,1,1,0,1,1,3,4,1,1,1,3,3,1,1,1,0,55,1,4,15,4,-2,4000,2,1,2
796,0,-1,-1,2,2,1,0,0,4,1,1,0,3,0,4,-1,-1,0,68,2,2,9,4,-2,-2,5,1,1
798,4,2,2,0,1,1,0,1,4,1,0,1,4,0,1,2,3,0,49,1,6,24,0,1,10000,5,1,2
799,4,3,2,0,1,1,0,5,4,1,1,0,4,0,0,0,0,0,34,0,4,17,0,3,5500,22,1,2
800,3,3,2,2,1,1,0,2,4,1,0,0,4,0,0,1,-1,0,65,0,4,15,0,-1,4500,5,1,2
804,4,3,2,1,1,0,0,8,4,1,0,0,2,0,0,0,0,0,44,1,4,17,0,3,10000,5,1,2
805,4,3,0,0,1,1,0,1,4,1,0,1,4,0,2,3,1,0,75,2,3,13,4,-2,1500,5,1,1
806,0,2,2,0,0,1,0,0,4,0,0,1,4,0,3,2,0,0,65,1,4,17,4,-2,10000,22,1,2
807,2,3,0,1,0,0,0,0,3,1,1,3,1,4,4,1,0,0,47,1,5,19,0,0,9000,22,1,2
808,4,3,0,0,0,1,1,1,3,1,1,0,2,3,2,2,1,0,61,1,4,17,4,-2,3000,22,1,2
809,0,3,2,2,0,1,0,14,4,1,1,4,2,4,0,0,1,0,34,0,3,13,0,3,2000,5,1,1
810,2,-1,2,-1,0,1,2,8,4,1,0,3,1,1,0,4,4,0,37,1,5,19,0,2,10000,2,1,2
812,4,3,0,2,2,0,0,8,3,0,0,0,0,0,0,0,0,0,30,0,5,19,0,3,5000,16,2,2
813,0,-1,0,1,0,1,2,8,0,1,0,0,4,0,0,3,4,0,50,1,3,13,0,2,15000,5,1,1
815,4,3,2,0,1,1,0,9,3,1,0,1,1,0,0,0,0,0,52,1,4,17,0,1,8000,8,1,2
816,4,3,1,0,2,1,0,14,2,1,1,1,3,3,1,4,3,0,38,1,3,13,0,3,4500,5,1,1
817,4,3,1,0,1,1,0,24,4,1,0,1,3,0,1,1,0,0,28,0,5,18,0,1,-2,15,2,2
819,4,3,2,1,1,0,0,18,4,0,0,0,4,1,0,1,3,0,32,0,4,17,0,2,12000,5,1,2
820,3,3,2,1,1,1,0,10,4,1,0,1,3,1,1,1,1,0,25,0,4,17,0,3,4500,5,1,2
821,2,0,0,0,0,0,0,0,4,1,0,1,1,1,0,0,0,0,30,0,5,19,0,3,10000,5,1,2
824,1,3,0,0,0,1,0,8,4,1,1,1,3,3,1,2,1,0,26,0,5,19,0,0,-2,5,1,2
825,4,3,2,1,1,1,0,10,4,0,0,0,0,1,0,0,0,0,36,0,4,17,0,2,12000,5,1,2
830,4,3,2,1,1,1,0,16,4,1,-1,2,2,2,4,4,4,0,34,1,6,22,0,3,6500,5,1,2
831,1,1,1,0,1,1,1,0,4,1,1,1,3,3,2,0,0,0,34,0,5,19,0,1,2500,6,1,2
834,4,3,2,0,1,1,1,10,4,1,0,0,4,0,3,0,0,0,37,1,4,17,0,1,4500,13,2,2
837,0,3,0,1,0,1,0,3,4,1,0,1,4,1,0,3,2,0,43,1,3,13,0,3,1000,2,1,1
839,1,1,0,2,1,0,0,0,3,1,1,3,1,4,3,2,2,0,19,0,3,13,6,-2,3500,2,1,1
846,2,-1,1,1,1,1,1,0,3,1,0,1,4,1,2,3,2,0,18,0,2,9,3,-2,-2,21,2,1
847,0,-1,-1,2,0,1,1,25,4,1,1,3,3,3,-1,-1,-1,0,76,1,1,6,4,-2,-2,5,1,1
848,0,-1,2,0,1,1,0,13,3,1,0,1,2,1,0,0,0,0,44,1,5,19,0,1,6000,21,2,2
850,2,-1,0,-1,1,1,0,8,4,1,1,1,3,3,2,2,4,0,21,0,3,13,0,0,-2,15,2,1
851,2,-1,2,0,0,1,1,8,4,1,1,3,0,4,2,3,0,0,35,1,4,17,0,0,4000,16,2,2
853,3,3,0,0,1,1,0,9,4,1,0,1,3,1,1,2,1,0,35,1,4,15,0,3,4000,14,2,2
854,3,-1,2,0,1,0,1,0,-1,0,0,3,3,1,0,0,0,0,65,1,3,11,0,3,-2,18,2,1
855,0,-1,-1,1,1,1,0,10,0,1,0,3,3,1,1,1,1,0,52,1,1,4,4,-2,-2,18,2,1
857,2,3,1,0,1,1,0,9,4,1,0,1,4,1,2,2,1,0,48,1,3,13,0,1,-2,9,2,1
858,0,3,2,0,2,1,0,12,0,1,0,1,3,1,3,1,1,0,34,1,2,9,0,3,10000,18,2,1
860,0,-1,-1,0,2,1,1,0,3,1,1,1,3,3,1,1,0,0,70,1,1,4,4,-2,5000,17,2,1
861,3,2,2,0,1,1,0,9,3,1,1,1,3,1,1,2,3,0,34,0,3,13,0,1,4000,18,2,1
863,2,-1,2,0,1,0,0,12,3,1,0,1,4,3,1,0,0,0,31,1,3,13,0,3,4000,18,2,1
864,0,-1,2,0,1,0,1,8,4,1,0,0,3,1,0,2,1,0,50,1,4,17,0,0,6000,21,2,2
865,3,2,2,0,1,1,0,4,4,1,0,1,4,1,2,2,2,0,35,1,3,13,0,3,5000,18,2,1
867,2,3,2,0,0,1,1,24,4,1,1,1,3,1,0,2,-1,0,43,1,4,17,0,0,5000,18,2,2
868,2,-1,2,0,0,0,0,12,4,1,1,3,3,3,1,1,0,0,50,1,1,6,0,3,3000,18,2,1
869,3,1,2,0,1,1,1,12,4,1,0,1,4,0,3,4,1,0,37,1,3,13,0,3,2000,18,2,1
870,2,-1,0,1,0,1,0,10,3,1,0,1,3,1,2,3,0,0,51,1,2,7,0,3,4000,18,2,1
872,2,3,0,0,1,0,0,7,4,1,0,1,4,3,4,2,0,0,25,0,4,17,0,1,4000,22,1,2
873,4,2,1,0,1,1,1,5,4,1,0,0,4,0,2,2,0,0,23,0,4,17,0,1,7000,20,2,2
876,3,3,0,0,1,1,1,8,4,1,0,0,4,0,0,0,0,0,27,0,4,17,0,0,-2,2,1,2
879,4,3,1,1,0,1,0,11,4,1,0,3,3,0,2,1,0,0,52,1,3,13,0,1,6000,20,2,1
881,0,3,1,0,0,1,1,10,4,1,1,0,3,3,2,2,0,0,38,1,5,18,0,1,4500,14,2,2
882,0,2,0,0,1,0,0,4,4,0,0,1,3,0,0,2,0,0,59,1,3,13,0,1,-2,4,1,1
883,0,3,0,0,0,1,2,5,3,1,1,2,1,3,4,2,3,0,19,0,4,15,3,-2,-2,8,1,2
884,0,2,2,2,0,0,0,1,4,1,1,1,4,3,4,4,1,0,85,1,3,13,4,-2,4000,12,2,1
886,4,3,2,0,0,1,0,12,3,0,0,1,3,0,2,1,1,0,31,1,5,19,0,0,7000,4,1,2
887,3,-1,2,2,0,1,0,1,4,1,1,1,3,1,2,1,1,0,60,1,3,13,0,3,6000,14,2,1
888,0,-1,2,1,0,1,0,1,4,0,0,0,4,0,-1,0,0,0,52,1,3,13,0,1,3000,8,1,1
889,0,3,1,1,0,1,0,4,3,1,1,0,4,0,2,2,2,0,54,1,3,12,4,-2,3000,8,1,1
891,0,3,2,0,1,1,0,6,4,1,0,0,4,0,0,3,0,0,33,0,4,17,0,1,2500,8,1,2
894,2,1,-1,0,0,0,1,9,4,0,0,1,4,1,0,0,-1,0,49,1,4,17,0,1,6000,4,1,2
900,0,3,2,1,1,1,1,8,2,1,0,3,4,0,0,0,0,0,25,1,2,-1,0,1,4000,7,1,1
901,3,-1,0,2,2,1,0,10,1,1,1,2,3,3,2,1,1,0,39,1,3,13,0,3,4000,14,2,1
904,2,2,0,0,0,1,0,5,4,1,1,3,3,3,1,2,1,0,50,1,4,17,0,0,8000,5,1,2
905,3,3,2,1,1,1,0,4,4,1,0,0,4,0,0,0,0,0,30,1,4,15,0,1,5000,5,1,2
906,2,3,2,2,1,1,1,8,3,0,1,1,3,3,3,4,1,0,49,1,3,13,0,0,3000,14,2,1
907,1,3,2,0,0,1,1,12,4,1,0,1,0,0,0,0,0,0,40,1,3,13,0,3,1500,14,2,1
910,2,2,2,0,0,1,1,2,4,0,0,3,4,0,2,0,0,0,74,1,4,17,4,-2,6000,4,1,2
912,3,3,2,0,1,1,0,2,4,0,1,3,2,2,4,2,0,0,37,1,5,19,0,1,4000,5,1,2
918,0,3,2,-1,2,1,1,0,0,1,0,3,4,3,0,0,0,0,35,1,5,19,0,1,2000,14,2,2
919,4,3,2,0,1,1,1,3,4,1,0,0,0,0,0,0,0,0,60,1,3,13,4,-2,3000,15,2,1
922,3,1,2,0,0,1,0,10,4,1,0,2,3,3,2,0,2,0,27,0,3,13,0,1,-2,7,1,1
923,2,3,0,0,1,1,1,12,4,1,1,4,0,4,1,1,3,0,45,1,4,17,0,0,-2,14,2,2
926,3,3,2,0,1,1,0,8,3,0,0,2,3,0,3,2,2,0,24,0,4,15,0,1,4000,15,2,2
927,4,-1,0,1,1,0,0,0,4,1,1,4,1,4,1,0,0,0,50,1,2,9,0,1,6000,15,2,1
934,3,3,2,0,0,1,1,8,4,1,1,3,4,3,3,1,2,0,52,1,2,9,0,1,-2,9,2,1
937,4,3,2,0,1,1,0,7,4,1,0,0,3,0,3,1,1,0,60,1,4,17,0,1,6000,2,1,2
938,3,3,1,1,1,0,0,9,3,1,0,1,3,1,3,2,2,0,31,1,4,15,0,2,5000,2,1,2
941,0,-1,0,0,1,1,1,0,4,1,0,1,3,0,0,2,2,0,73,1,5,19,4,-2,9000,2,1,2
943,2,3,2,0,1,1,2,10,4,1,0,0,0,0,0,1,1,0,37,0,4,17,0,1,15000,3,1,2
944,3,3,1,1,0,1,1,9,3,1,1,4,0,4,3,0,0,0,42,1,6,24,0,0,3000,3,1,2
946,2,2,2,0,0,1,0,0,4,0,1,3,3,1,-1,3,3,0,77,1,5,19,4,-2,-2,3,1,2
947,1,-1,0,2,2,1,0,6,4,1,-1,3,-1,-1,4,3,4,0,46,1,4,17,0,1,-2,3,1,2
951,4,3,0,0,1,1,1,4,4,1,0,3,3,1,2,4,0,0,72,1,3,13,4,-2,1000,2,1,1
953,4,3,2,1,1,1,1,1,4,1,0,3,3,0,4,1,3,0,54,1,4,15,4,-2,5000,6,1,2
954,3,-1,2,1,1,1,0,12,4,1,0,3,3,0,0,0,0,0,59,1,4,15,4,-2,15000,2,1,2
955,4,3,2,0,1,1,0,5,4,0,0,0,4,0,0,0,0,0,39,0,4,17,0,1,-2,3,1,2
956,0,-1,-1,0,0,1,1,1,0,1,0,0,4,2,0,0,0,0,55,0,3,13,4,-2,1000,8,1,1
961,2,1,2,1,1,1,0,0,4,1,0,1,3,1,2,2,2,0,23,0,4,17,0,3,-2,2,1,2
962,1,3,1,0,1,1,1,8,3,0,0,0,2,3,0,2,0,0,37,1,4,17,0,1,3000,5,1,2
964,3,3,2,0,1,1,0,12,1,0,0,1,3,0,0,0,1,0,53,1,3,13,0,3,5500,22,1,1
966,1,3,2,0,0,1,1,24,0,0,0,0,0,0,2,3,3,0,35,0,5,19,0,3,20000,1,1,2
967,4,3,2,0,0,0,0,12,3,0,0,0,1,0,2,0,0,0,45,1,4,17,0,2,7000,6,1,2
970,4,2,2,1,1,1,0,7,4,1,0,1,4,3,3,1,0,0,49,1,3,13,0,3,2500,10,2,1
978,4,-1,0,1,1,1,0,8,4,1,0,1,4,3,-1,2,0,0,25,0,4,17,0,1,8000,5,1,2
979,3,3,0,0,1,0,0,1,4,1,0,1,3,3,0,0,0,0,39,0,4,17,0,1,4500,6,1,2
987,3,3,2,1,0,0,0,13,4,1,0,0,3,0,1,1,2,0,51,1,4,17,0,1,4000,13,2,2
988,1,3,0,0,1,1,0,15,4,1,0,0,4,0,3,0,0,0,50,1,4,14,0,0,7000,14,2,2
989,4,0,0,0,1,1,0,1,4,1,0,3,4,1,1,0,1,0,60,1,4,15,4,-2,-2,9,2,2
993,4,3,2,0,1,0,1,8,4,1,0,1,3,1,1,0,0,0,27,0,4,15,0,1,5000,17,2,2
995,1,-1,0,0,1,1,0,8,4,1,1,1,3,3,3,3,1,0,60,1,3,13,0,1,6000,7,1,1
996,4,3,2,0,0,1,0,7,2,0,0,0,4,0,0,0,0,0,55,1,3,13,4,-2,6000,13,2,1
1009,3,3,2,0,0,1,0,-1,4,1,0,0,4,0,0,2,2,0,28,0,4,17,0,1,4000,8,1,2
1016,0,3,-1,1,1,1,0,-1,3,1,0,1,4,0,2,1,1,0,60,1,3,13,0,3,3000,10,2,1
1019,0,-1,2,0,1,1,0,-1,3,1,1,1,4,1,1,4,4,0,43,1,2,9,0,3,2100,21,2,1
1031,1,1,2,0,1,1,0,-1,4,1,0,2,3,0,1,2,1,0,24,0,4,17,0,1,-2,4,1,2
1033,3,3,2,0,1,1,0,-1,4,1,0,0,3,1,0,0,0,0,54,1,5,19,4,-2,-2,2,1,2
1035,3,2,-1,0,1,1,1,-1,4,1,0,2,3,2,2,3,2,0,25,0,5,19,3,-2,-2,5,1,2
1042,0,3,0,0,1,1,0,-1,3,1,0,2,4,1,2,0,2,0,19,0,3,11,0,4,2000,17,2,1
1044,1,2,0,1,0,1,0,-1,3,1,1,3,2,4,0,0,1,0,27,0,3,13,0,3,5500,15,2,1
1049,4,3,2,2,1,1,0,-1,4,1,0,1,4,4,-1,3,3,0,46,1,5,19,0,1,6000,5,1,2
1050,3,3,1,0,1,1,0,-1,3,1,0,1,3,1,3,2,3,0,21,0,4,16,0,3,6500,5,1,2
1051,4,3,1,1,0,1,1,-1,0,1,1,1,3,3,1,0,1,0,34,1,4,17,0,0,4000,5,1,2
1052,1,-1,2,0,2,1,2,-1,4,0,0,1,0,0,0,0,0,0,22,0,4,14,3,-2,5000,6,1,2
1057,4,3,2,0,1,1,1,-1,4,1,0,3,3,0,1,2,-1,0,66,1,4,17,4,-2,6000,2,1,2
1069,4,3,2,1,1,0,1,-1,4,1,0,0,4,0,2,3,1,0,18,0,3,13,3,-2,-2,18,2,1
1077,3,3,2,1,1,1,0,-1,3,0,1,0,4,1,0,1,0,0,25,0,3,13,0,1,2500,15,2,1
1082,2,3,1,0,1,1,0,-1,4,1,0,0,4,0,0,1,0,0,25,0,5,19,0,1,4000,11,2,2
5,2,3,2,0,0,1,1,8,4,1,1,3,1,4,4,2,2,1,34,1,5,19,2,-2,5000,19,2,2
7,4,3,2,1,1,1,0,1,4,1,0,1,4,0,2,0,0,1,33,1,3,13,2,-2,3000,19,2,1
8,4,3,2,0,1,1,0,1,4,0,0,0,4,1,1,3,3,1,34,1,3,13,2,-2,2400,19,2,1
10,1,-1,1,0,0,0,1,1,0,1,1,3,0,4,3,1,1,1,27,1,4,17,2,-2,7000,10,2,2
11,4,-1,2,1,0,1,0,8,4,1,0,3,1,1,1,1,0,1,27,1,5,19,0,0,5500,9,2,2
21,1,-1,-1,1,1,1,0,0,4,1,0,0,3,1,0,0,0,1,27,1,3,13,2,-2,3000,8,1,1
22,2,3,2,1,1,0,0,0,4,0,1,1,2,2,0,1,1,1,18,0,3,13,3,-2,-2,3,1,1
23,3,3,2,0,0,1,1,4,3,1,1,2,3,3,3,3,1,1,30,1,4,17,2,-2,-2,3,1,2
27,2,3,0,2,0,1,0,0,4,1,0,0,3,0,2,2,0,1,35,0,4,17,0,3,4000,1,1,2
34,0,2,0,0,1,1,0,1,4,1,-1,2,2,2,4,4,4,1,60,1,3,13,2,-2,-2,3,1,1
35,2,-1,2,1,1,1,0,3,4,1,0,0,3,0,0,0,1,1,40,1,5,18,2,-2,-2,1,1,2
36,0,3,1,1,2,1,0,6,4,1,0,0,0,0,0,0,0,1,27,1,5,19,0,3,3000,1,1,2
37,4,3,0,0,1,1,0,6,4,1,0,0,4,0,2,1,1,1,27,0,4,17,0,3,-2,3,1,2
38,3,3,2,2,1,1,1,7,4,0,0,3,3,1,0,1,0,1,33,0,5,19,0,1,5500,3,1,2
40,4,3,2,0,1,1,0,12,4,1,0,1,3,1,0,0,2,1,37,1,4,17,0,1,6500,11,2,2
42,2,3,2,2,1,1,0,8,4,0,0,1,3,3,2,2,1,1,30,0,4,17,0,1,1000,1,1,2
43,1,3,2,0,1,1,0,10,4,1,0,1,4,3,1,2,3,1,42,1,4,17,0,0,5000,1,1,2
44,4,3,2,1,1,1,1,0,4,0,1,3,3,3,4,2,0,1,30,1,4,17,2,-2,2500,1,1,2
45,3,2,0,0,1,1,0,2,4,1,0,2,4,2,2,-1,2,1,32,0,4,17,0,1,-2,1,1,2
49,2,3,0,1,0,0,0,1,2,0,0,0,0,0,2,2,3,1,40,0,4,17,0,1,15000,1,1,2
64,2,3,0,1,1,0,0,0,4,1,0,1,4,0,2,0,0,1,31,1,4,17,2,-2,33500,7,1,2
67,4,3,0,0,2,1,0,0,4,1,1,3,4,3,3,0,2,1,67,1,2,9,2,-2,1600,7,1,1
69,4,3,2,2,0,1,0,0,4,1,0,1,4,1,0,0,0,1,53,1,3,13,2,-2,2500,7,1,1
70,4,1,0,1,1,0,1,25,4,1,0,0,4,1,2,3,0,1,36,1,3,13,2,-2,-2,7,1,1
72,4,3,0,0,1,1,-1,1,4,1,1,2,3,1,2,2,1,1,34,0,4,17,1,-2,5000,7,1,2
75,4,-1,2,0,2,1,0,25,4,0,0,0,4,1,0,2,0,1,58,1,1,6,2,-2,1000,19,2,1
78,4,-1,-1,0,2,1,0,0,4,0,1,3,3,3,1,-1,0,1,66,1,1,6,2,-2,-2,19,2,1
79,4,-1,-1,2,0,1,0,0,4,1,-1,2,4,2,-1,3,3,1,57,1,1,6,2,-2,-2,16,2,1
81,4,0,0,0,2,0,0,0,4,1,0,4,4,1,4,0,0,1,64,1,3,13,2,-2,5000,16,2,1
88,1,3,2,1,1,1,0,12,3,1,0,0,3,1,0,0,0,1,25,0,3,13,0,3,6500,7,1,1
92,4,3,2,1,1,0,0,0,4,1,0,1,3,3,0,2,2,1,26,1,5,19,2,-2,7500,5,1,2
94,2,-1,0,0,1,1,1,1,4,1,1,3,3,1,-1,-1,0,1,61,1,2,8,2,-2,800,11,2,1
95,4,-1,0,1,1,1,1,0,4,1,1,3,3,0,4,0,1,1,70,2,4,17,4,-2,6000,5,1,2
97,0,3,0,0,1,1,1,1,4,1,0,0,0,1,0,0,1,1,45,0,5,19,0,0,5000,19,2,2
98,0,3,2,0,1,1,0,0,4,0,0,0,3,3,0,-1,-1,1,55,1,1,6,2,-2,-2,16,2,1
99,0,0,0,2,0,1,1,2,4,1,1,4,1,1,-1,3,4,1,59,2,1,6,2,-2,2500,16,2,1
100,4,2,2,0,1,0,0,24,3,1,1,2,4,3,0,0,0,1,23,0,4,17,0,0,3500,1,1,2
105,3,-1,0,0,0,0,1,3,4,0,0,1,3,1,2,2,3,1,57,1,1,6,2,-2,4000,11,2,1
108,4,3,0,1,1,1,0,25,4,1,1,3,4,3,0,0,2,1,55,2,3,13,2,-2,3000,11,2,1
110,3,1,0,0,0,1,0,3,4,1,0,0,4,0,2,2,1,1,40,1,3,13,2,-2,-2,16,2,1
112,1,-1,2,0,0,0,1,25,2,0,0,3,4,0,0,1,0,1,68,1,2,9,2,-2,6000,11,2,1
113,3,3,2,0,1,1,0,0,4,1,0,4,4,0,1,0,1,1,32,1,3,13,2,-2,3000,17,2,1
117,4,1,0,0,1,0,1,0,4,1,1,3,4,3,2,1,1,1,21,0,4,15,1,-2,-2,12,2,2
118,2,3,2,1,1,1,0,7,4,1,0,1,4,3,2,1,3,1,19,0,4,14,0,1,-2,12,2,2
119,4,3,0,0,1,1,0,0,4,1,0,1,4,0,1,3,1,1,32,1,3,13,2,-2,10000,12,2,1
122,4,0,0,0,1,0,0,1,4,0,0,0,4,0,4,2,4,1,73,1,1,6,2,-2,2000,12,2,1
124,2,3,0,0,1,1,0,0,4,0,0,3,4,0,1,1,0,1,33,0,4,17,1,-2,2000,12,2,2
125,4,3,2,0,1,1,0,25,4,0,0,0,4,1,0,0,0,1,34,1,4,17,2,-2,-2,7,1,2
126,4,-1,0,1,2,1,1,0,4,1,0,3,3,0,2,2,-1,1,80,2,1,6,2,-2,-2,12,2,1
128,2,3,0,0,1,1,0,0,4,0,1,3,-1,3,2,1,0,1,24,1,4,15,2,-2,3500,4,1,2
129,2,3,2,1,0,1,0,0,4,1,1,1,3,3,3,2,1,1,34,1,4,17,2,-2,2000,4,1,2
131,4,3,2,0,1,1,1,0,4,1,0,1,4,0,3,4,3,1,31,1,3,13,2,-2,2000,4,1,1
133,3,-1,0,0,1,1,0,0,4,1,1,3,3,3,1,2,3,1,22,1,3,13,2,-2,2500,4,1,1
135,1,-1,2,0,2,1,0,1,4,1,1,3,3,3,0,1,-1,1,65,2,1,6,2,-2,3000,21,2,1
136,2,3,2,0,1,1,0,7,4,1,0,0,4,0,0,1,1,1,25,1,3,13,2,-2,2500,21,2,1
138,2,-1,-1,2,2,1,0,4,4,1,1,-1,3,2,2,4,4,1,65,1,2,7,2,-2,-2,21,2,1
139,4,3,2,0,1,1,0,11,4,0,0,4,4,0,1,1,0,1,47,1,4,17,2,-2,6000,21,2,2
140,2,-1,-1,2,1,0,1,0,4,1,0,0,3,1,4,0,0,1,56,1,5,19,0,0,-2,21,2,2
141,1,3,0,0,2,1,0,0,4,1,0,3,3,1,4,2,-1,1,58,1,3,13,0,3,5000,22,1,1
143,1,3,-1,1,1,0,0,0,2,1,1,3,2,3,2,2,2,1,23,0,4,17,1,-2,4000,22,1,2
145,4,-1,-1,0,2,1,0,0,4,1,0,1,3,1,-1,1,1,1,70,2,2,7,2,-2,2000,3,1,1
151,4,-1,2,1,1,1,0,0,4,1,0,0,4,0,0,1,1,1,28,0,5,19,0,1,6000,2,1,2
154,0,0,0,1,1,1,1,0,4,1,0,-1,4,4,-1,-1,0,1,62,2,1,6,2,-2,6000,20,2,1
157,3,3,2,-1,1,1,0,1,4,0,0,1,3,1,0,0,0,1,32,1,4,17,2,-2,16000,4,1,2
158,3,3,1,0,1,0,1,0,2,1,1,3,3,4,2,2,2,1,19,0,3,13,3,-2,-2,4,1,1
165,2,3,1,0,1,1,1,0,4,0,0,3,3,3,3,2,1,1,34,1,4,17,2,-2,-2,4,1,2
168,4,2,0,0,1,1,0,8,4,0,0,0,4,0,1,2,2,1,35,1,3,13,0,1,7000,1,1,1
169,3,2,2,0,1,1,1,2,4,1,0,1,4,0,2,1,1,1,19,0,4,16,6,-2,-2,1,1,2
170,2,-1,2,0,2,1,0,0,4,1,0,0,4,0,1,2,2,1,54,1,3,13,2,-2,-2,1,1,1
172,4,3,2,0,0,0,0,9,4,1,0,0,4,0,0,1,1,1,26,0,5,19,0,1,-2,1,1,2
173,1,3,2,2,2,1,0,0,4,1,0,0,4,0,0,1,1,1,51,0,5,19,2,-2,-2,1,1,2
175,3,1,2,-1,1,1,1,1,4,1,0,2,3,2,3,3,-1,1,53,1,4,17,2,-2,-2,1,1,2
176,4,3,2,0,2,1,0,0,4,1,0,1,0,0,0,0,0,1,56,1,4,17,2,-2,-2,7,1,2
180,4,3,1,0,1,1,1,0,4,1,1,1,3,3,2,1,2,1,23,0,3,13,3,-2,-2,3,1,1
181,0,-1,2,2,0,1,2,0,2,1,0,1,3,1,4,0,0,1,50,0,1,4,0,1,1000,3,1,1
182,3,1,2,0,0,1,1,0,4,1,0,0,4,1,1,1,0,1,60,1,4,17,4,-2,-2,3,1,2
184,4,-1,2,0,0,1,0,1,4,1,0,0,4,1,2,1,1,1,67,2,3,13,2,-2,-2,3,1,1
186,4,3,2,1,2,1,0,0,4,1,0,0,3,3,3,3,2,1,59,2,1,6,2,-2,2200,5,1,1
187,4,3,2,0,0,1,1,1,4,1,1,0,3,2,2,3,1,1,58,1,4,17,4,-2,4000,17,2,2
189,4,3,2,0,0,1,1,13,4,1,0,0,4,1,1,1,-1,1,27,1,6,23,0,1,15000,22,1,2
190,4,3,1,0,2,1,0,1,4,1,0,2,4,0,2,0,0,1,32,1,3,13,-1,-1,-2,14,2,1
191,4,3,2,0,1,1,0,5,4,1,0,1,4,1,0,0,0,1,36,1,4,17,2,-2,-2,1,1,2
192,2,3,0,0,1,1,1,1,4,1,0,1,4,0,2,2,2,1,25,1,4,17,2,-2,-2,1,1,2
193,2,3,-1,0,1,1,0,0,4,0,0,0,4,0,1,2,0,1,42,1,5,19,2,-2,-2,1,1,2
195,1,-1,0,0,1,1,0,0,4,1,0,1,3,1,1,0,4,1,27,1,1,6,2,-2,3000,8,1,1
196,1,-1,2,0,1,1,0,3,4,1,1,1,1,3,2,2,2,1,27,0,4,16,3,-2,-2,4,1,2
198,4,-1,-1,-1,1,1,0,1,4,1,0,1,3,1,3,-1,2,1,64,1,1,4,2,-2,6000,4,1,1
200,0,1,1,1,1,1,1,0,4,1,1,4,3,3,4,4,4,1,68,2,1,6,2,-2,-2,4,1,1
202,1,2,2,0,1,0,1,0,4,0,1,1,3,4,2,2,1,1,31,1,4,17,2,-2,2500,14,2,2
206,4,3,2,1,1,1,1,25,4,0,0,3,3,1,1,2,1,1,34,1,4,17,2,-2,2000,4,1,2
207,3,3,2,0,1,1,1,1,4,1,0,0,3,1,0,0,0,1,42,1,6,23,0,1,15000,4,1,2
208,4,3,2,0,1,1,1,1,4,1,0,3,3,1,0,0,0,1,42,1,3,13,2,-2,6000,4,1,1
209,2,-1,0,0,1,1,0,1,4,1,1,3,4,3,2,2,-1,1,60,1,1,6,2,-2,2000,4,1,1
210,0,3,0,0,2,1,1,0,4,1,0,4,3,0,4,2,2,1,70,2,4,15,4,-2,4000,4,1,2
211,2,3,2,1,0,1,0,2,4,1,0,1,3,1,3,3,1,1,64,2,1,6,2,-2,-2,4,1,1
213,1,3,0,1,2,1,1,1,4,1,1,2,4,4,4,2,2,1,34,1,4,16,6,-2,3000,14,2,2
214,1,3,2,1,1,1,0,0,4,1,0,1,4,1,0,0,2,1,34,1,5,19,2,-2,6000,6,1,2
218,2,3,2,2,2,1,0,11,3,0,0,0,4,3,2,0,0,1,33,1,3,13,0,3,1500,14,2,1
219,4,3,0,1,0,1,0,1,4,1,0,1,4,2,2,2,2,1,46,1,4,17,2,-2,-2,3,1,2
221,4,3,2,0,0,1,0,0,4,1,1,2,3,4,4,2,3,1,32,1,5,18,3,-2,-2,14,2,2
223,2,3,2,0,1,1,0,0,4,0,0,0,4,0,1,2,2,1,40,1,4,17,2,-2,4000,6,1,2
224,4,3,2,1,2,1,0,9,4,1,0,2,4,0,3,1,-1,1,27,1,3,13,0,4,3000,9,2,1
225,1,3,2,0,2,1,0,0,3,0,1,1,3,3,1,2,-1,1,48,1,4,17,2,-2,4000,5,1,2
227,3,-1,2,0,0,1,1,0,4,1,0,3,2,1,0,0,1,1,70,0,4,15,4,-2,2000,5,1,2
228,4,3,0,1,1,1,0,0,4,1,0,3,4,1,0,0,0,1,32,1,3,13,0,1,7000,7,1,1
229,4,3,2,0,1,1,1,0,4,1,0,1,3,1,2,2,2,1,58,0,5,19,0,1,4500,7,1,2
231,0,-1,-1,0,1,1,2,12,3,1,0,2,4,0,0,3,3,1,52,2,3,13,0,3,20000,5,1,1
244,3,3,2,1,0,1,0,0,4,1,0,1,3,0,2,4,0,1,45,1,2,9,2,-2,3000,16,2,1
248,4,3,0,1,0,1,0,25,4,0,0,1,0,0,2,0,0,1,35,1,4,17,2,-2,-2,16,2,2
249,4,3,1,1,1,1,0,1,4,1,1,1,3,1,3,2,2,1,57,1,3,13,4,-2,2500,5,1,1
250,4,-1,2,1,0,1,0,5,3,0,0,0,3,1,0,0,3,1,35,1,4,17,2,-2,8000,16,2,2
253,4,3,2,1,1,1,1,0,4,1,0,0,3,0,2,2,0,1,38,1,3,13,2,-2,-2,16,2,1
254,4,3,0,0,1,1,0,0,4,0,0,0,4,1,0,0,3,1,24,0,4,15,1,-2,2500,16,2,2
257,4,3,1,2,1,1,0,0,4,0,0,0,4,0,0,0,0,1,41,1,4,17,2,-2,3000,21,2,2
261,4,3,2,1,1,0,0,0,4,1,0,3,3,1,0,0,2,1,31,1,5,19,2,-2,4000,11,2,2
262,1,-1,0,0,0,1,1,1,4,1,0,3,4,1,4,2,2,1,60,1,1,6,2,-2,3500,20,2,1
263,4,3,2,0,1,1,1,0,1,1,0,3,3,1,3,3,0,1,58,1,3,13,2,-2,2000,20,2,1
264,1,-1,2,0,1,0,1,0,3,1,0,1,4,0,1,1,1,1,23,0,4,17,1,-2,-2,20,2,2
265,4,3,0,0,1,0,0,0,4,0,1,3,3,3,3,1,1,1,26,1,3,13,2,-2,5000,20,2,1
268,0,3,2,0,1,1,1,0,4,1,0,0,4,1,2,0,0,1,50,0,4,15,2,-2,2000,7,1,2
269,4,3,2,0,0,1,0,5,4,0,0,1,3,1,4,2,2,1,31,1,3,13,2,-2,2000,2,1,1
270,4,2,2,1,1,1,0,0,3,1,0,1,1,1,1,1,1,1,29,0,4,15,1,-2,-2,4,1,2
271,1,2,1,0,1,1,0,3,4,1,0,1,3,0,1,1,1,1,21,0,4,17,3,-2,7000,4,1,2
272,0,3,2,1,1,1,1,0,4,1,0,1,4,0,-1,0,1,1,38,0,3,13,1,-2,2000,4,1,1
273,0,2,2,1,1,1,1,15,3,1,0,1,4,0,2,2,2,1,32,0,3,13,0,1,5000,20,2,1
275,2,3,2,1,1,1,0,0,3,1,0,2,3,2,2,3,-1,1,20,0,4,15,3,-2,-2,2,1,2
276,2,3,2,0,1,1,0,7,3,1,0,1,3,1,2,0,0,1,22,0,4,15,3,-2,6000,20,2,2
278,4,3,2,0,1,1,0,12,3,1,0,0,3,1,3,0,0,1,45,1,3,13,2,-2,800,4,1,1
279,3,3,1,1,0,0,1,8,4,1,0,1,3,1,0,0,0,1,23,0,4,17,0,1,8000,13,2,2
281,2,3,2,1,1,1,0,13,4,1,0,1,3,3,0,0,-1,1,24,1,4,15,0,1,3000,10,2,2
282,3,3,1,0,0,1,1,6,4,1,0,0,4,1,0,2,2,1,21,0,4,17,3,-2,-2,8,1,2
283,4,3,2,1,1,1,0,8,4,1,0,0,3,0,1,1,0,1,22,0,4,15,0,4,10000,8,1,2
284,1,3,1,1,1,1,1,1,4,1,0,1,4,0,0,1,1,1,22,0,4,17,1,-2,-2,4,1,2
287,3,2,1,1,0,1,0,1,4,1,0,4,1,0,0,1,0,1,24,1,4,17,2,-2,-2,7,1,2
288,4,3,2,0,1,1,0,1,4,0,0,1,3,0,3,2,2,1,57,1,4,17,1,-2,12000,7,1,2
289,1,3,2,1,1,1,1,9,3,1,0,3,3,1,0,0,1,1,36,1,4,17,0,1,11000,2,1,2
290,2,3,2,1,1,1,1,8,3,1,0,0,4,0,1,0,0,1,36,0,3,13,0,1,3000,6,1,1
291,3,3,2,0,2,0,0,8,4,0,0,1,3,1,0,0,1,1,45,1,4,17,2,-2,8000,6,1,2
293,2,3,2,1,0,1,0,2,4,1,0,1,3,1,2,1,2,1,19,0,4,14,3,-2,-2,6,1,2
294,2,2,1,1,0,1,0,0,4,1,0,0,4,0,1,2,2,1,42,1,4,17,2,-2,12000,6,1,2
295,3,3,2,2,1,1,1,25,4,0,0,1,4,1,0,0,0,1,33,1,6,20,0,1,3000,10,2,2
296,1,1,2,0,0,1,0,2,4,1,0,3,2,1,2,4,1,1,59,1,4,17,4,-2,3000,3,1,2
300,3,3,2,-1,0,1,0,25,3,1,0,0,4,0,-1,3,3,1,32,1,6,21,0,-1,-2,6,1,2
303,4,3,2,0,1,0,0,3,4,1,0,0,3,0,0,0,0,1,40,1,5,19,0,1,-2,1,1,2
305,3,3,0,1,1,1,1,1,4,1,0,0,4,1,1,0,0,1,36,1,5,19,2,-2,-2,6,1,2
308,3,3,1,0,0,1,1,18,4,1,0,1,4,0,0,2,1,1,28,0,5,19,0,1,-2,6,1,2
310,4,3,0,0,0,0,0,25,4,0,0,0,4,1,4,0,0,1,39,1,2,9,2,-2,-2,7,1,1
311,2,3,2,0,1,1,1,9,4,1,1,1,4,4,2,2,1,1,41,0,4,17,0,0,3000,7,1,2
313,0,-1,0,2,1,1,0,1,2,1,1,3,3,4,2,0,1,1,56,2,2,9,2,-2,1500,16,2,1
316,3,3,0,2,1,1,0,0,4,1,0,2,4,0,1,1,1,1,34,1,4,17,2,-2,-2,16,2,2
318,2,-1,2,0,2,1,1,11,3,1,0,1,1,1,-1,2,1,1,56,1,4,17,0,1,-2,4,1,2
321,2,-1,2,-1,1,0,0,15,4,1,0,1,1,-1,0,0,0,1,53,1,6,21,0,0,-2,4,1,2
325,2,-1,0,-1,1,1,0,2,3,1,0,0,1,1,0,0,0,1,40,1,4,17,0,1,10000,4,1,2
326,4,3,2,0,0,1,0,0,4,1,0,1,3,1,0,1,1,1,30,1,5,19,0,0,6000,22,1,2
328,3,3,2,1,1,1,0,1,4,1,0,1,3,1,4,0,0,1,49,1,2,9,2,-2,3000,7,1,1
329,3,-1,-1,0,0,1,1,0,4,1,-1,-1,-1,-1,3,1,-1,1,46,1,4,15,2,-2,-2,3,1,2
330,4,3,2,0,1,0,1,0,4,1,0,0,4,0,1,1,1,1,33,1,5,19,1,-2,9000,4,1,2
332,3,3,2,-1,0,0,0,25,3,1,0,1,3,1,1,2,1,1,40,1,4,17,2,-2,2000,4,1,2
333,2,-1,-1,0,1,1,1,25,3,1,0,3,4,1,1,2,3,1,65,1,2,9,2,-2,-2,4,1,1
334,4,1,-1,1,1,0,1,0,-1,1,0,3,3,1,0,0,-1,1,60,1,1,6,2,-2,6000,4,1,1
336,0,-1,2,1,0,1,1,6,1,1,1,3,3,4,2,2,2,1,58,1,3,13,4,-2,-2,18,2,1
337,3,-1,2,0,1,1,0,0,3,1,0,1,3,0,2,0,0,1,30,1,4,17,2,-2,7000,11,2,2
343,1,-1,-1,1,0,1,1,1,3,1,1,3,2,3,2,1,0,1,58,1,2,7,2,-2,5000,14,2,1
345,1,3,2,1,1,1,0,25,4,1,0,2,2,0,-1,1,-1,1,33,0,3,13,0,3,-2,21,2,1
347,2,3,2,1,0,1,0,4,4,0,0,1,4,1,1,0,2,1,64,2,3,13,0,3,4000,5,1,1
349,1,3,1,2,1,0,1,0,4,0,0,2,2,4,0,0,0,1,21,0,4,17,3,-2,-2,14,2,2
350,2,-1,0,2,1,1,0,3,4,1,0,0,4,0,0,2,0,1,67,1,3,13,4,-2,4000,14,2,1
353,2,1,0,1,0,0,0,0,4,1,1,1,3,3,0,3,2,1,65,2,0,1,2,-2,1500,17,2,1
354,3,3,2,0,1,0,0,5,2,1,1,2,3,2,2,2,3,1,35,1,3,13,2,-2,-2,17,2,1
356,1,3,0,1,1,1,0,3,4,1,1,3,3,3,2,3,0,1,38,0,3,13,2,-2,1800,17,2,1
357,4,3,2,0,1,1,0,16,4,1,1,3,3,3,0,0,0,1,42,0,5,19,0,1,-2,17,2,2
359,4,2,0,0,0,1,0,0,4,1,0,1,3,4,4,2,0,1,35,1,5,18,2,-2,5000,5,1,2
360,4,3,2,0,1,1,0,0,4,0,0,3,4,4,0,0,0,1,36,1,3,13,2,-2,3000,19,2,1
363,-1,3,2,1,0,0,0,1,4,1,0,0,4,4,0,0,1,1,40,1,2,9,0,1,5000,4,1,1
367,1,2,0,0,0,1,1,25,4,0,1,3,2,2,2,2,1,1,33,1,3,13,2,-2,-2,17,2,1
368,1,-1,0,0,1,1,0,0,4,1,0,3,3,2,4,-1,0,1,72,1,1,3,2,-2,-2,6,1,1
370,1,2,2,0,1,1,1,1,3,1,0,1,3,0,3,1,1,1,18,0,2,9,3,-2,4500,19,2,1
371,2,0,0,0,0,1,0,2,3,1,1,3,3,3,2,2,-1,1,27,1,2,9,2,-2,3500,19,2,1
372,4,0,0,2,1,1,0,0,4,1,0,3,3,4,-1,0,0,1,52,1,2,9,2,-2,4000,19,2,1
375,4,3,0,0,1,1,0,4,4,1,0,3,3,3,3,1,0,1,45,1,2,9,2,-2,3500,19,2,1
376,4,3,2,0,1,1,1,0,4,1,0,0,4,0,2,1,3,1,50,2,3,13,0,4,3000,9,2,1
379,2,-1,2,0,2,1,0,1,4,1,-1,2,4,2,3,2,1,1,31,0,4,17,2,-2,-2,9,2,2
380,2,3,2,0,0,1,1,24,4,1,0,2,4,0,2,1,-1,1,33,1,3,13,0,3,5000,9,2,1
381,0,2,2,0,0,1,1,3,3,1,1,3,0,4,2,2,3,1,21,1,3,13,2,-2,800,14,2,1
382,4,3,2,0,1,1,0,3,4,1,0,0,4,0,1,1,2,1,34,1,4,15,2,-2,5000,22,1,2
385,4,3,2,1,0,0,1,3,4,1,0,1,4,3,0,1,1,1,25,0,4,17,2,-2,-2,21,2,2
387,2,-1,2,0,2,1,1,0,4,1,1,4,4,2,1,0,0,1,75,1,1,6,2,-2,3000,9,2,1
391,4,3,2,2,1,1,0,1,4,1,0,0,4,0,0,0,0,1,73,2,4,15,4,-2,-2,1,1,2
392,2,3,2,0,1,1,1,0,4,1,0,0,4,0,3,1,1,1,65,2,3,13,2,-2,3000,1,1,1
393,4,3,1,0,0,1,1,1,3,1,0,1,4,0,3,3,1,1,30,1,7,21,0,0,3000,11,2,2
398,1,1,0,0,1,0,0,4,4,1,0,0,4,1,4,3,2,1,73,1,2,9,2,-2,-2,11,2,1
399,0,3,2,1,2,0,0,7,4,0,0,0,4,0,-1,-1,0,1,43,1,4,17,0,1,5000,11,2,2
400,3,3,2,0,1,0,0,0,4,1,0,0,4,1,1,1,1,1,50,1,3,13,2,-2,-2,12,2,1
401,3,3,1,1,1,1,0,2,4,1,0,0,3,0,2,0,0,1,41,1,3,13,2,-2,-2,12,2,1
408,4,3,2,1,1,1,1,0,4,1,0,3,3,0,0,0,0,1,23,0,4,17,0,1,-2,12,2,2
409,2,3,2,0,1,1,0,3,4,1,1,1,3,3,1,2,1,1,40,1,3,13,2,-2,3000,14,2,1
411,4,3,2,0,1,0,0,1,4,1,0,3,3,0,2,2,2,1,57,1,3,13,2,-2,5000,11,2,1
412,0,3,2,1,1,1,1,0,4,0,0,0,4,0,0,0,2,1,40,1,4,16,3,-2,-2,19,2,2
415,4,1,0,1,0,1,1,0,4,1,1,3,3,3,1,0,2,1,38,1,5,19,2,-2,6500,5,1,2
418,0,-1,0,1,0,0,0,1,4,1,0,0,2,0,2,3,0,1,42,1,1,6,2,-2,-2,17,2,1
419,1,3,2,1,0,1,1,1,4,1,0,3,4,2,2,3,3,1,40,1,4,15,2,-2,5500,22,1,2
438,2,-1,0,1,2,1,0,2,4,1,1,1,4,4,-1,0,2,1,60,2,1,6,2,-2,1200,15,2,1
440,0,0,0,0,2,1,0,0,4,1,0,2,4,2,-1,2,3,1,63,1,0,1,2,-2,3000,15,2,1
441,1,1,2,0,1,1,0,0,4,1,0,0,4,2,2,2,2,1,33,1,3,13,2,-2,1200,15,2,1
443,2,0,0,0,0,1,1,0,4,1,0,3,4,4,-1,0,2,1,60,2,2,9,2,-2,1000,15,2,1
452,4,3,2,0,1,1,0,0,4,1,0,1,4,1,1,0,0,1,35,1,3,13,2,-2,-2,9,2,1
454,2,3,-1,1,0,0,0,3,4,0,0,1,4,0,0,0,0,1,18,0,3,12,3,-2,-2,6,1,1
457,3,-1,2,0,0,1,0,0,4,1,0,3,3,1,0,0,0,1,29,1,3,13,2,-2,3000,10,2,1
458,4,1,2,0,1,0,1,8,4,1,0,3,3,1,3,2,1,1,30,0,4,17,0,1,-2,10,2,2
459,0,3,2,1,0,1,0,25,4,1,0,2,3,3,3,1,0,1,62,1,1,6,2,-2,-2,10,2,1
460,3,3,-1,1,1,1,0,25,4,1,0,1,4,0,4,2,2,1,39,1,3,13,2,-2,-2,9,2,1
461,3,3,2,0,1,1,1,25,4,1,0,1,3,3,0,2,1,1,34,1,4,17,2,-2,-2,10,2,2
463,4,0,0,-1,1,0,0,2,4,1,0,3,3,0,0,0,0,1,34,0,4,17,1,-2,-2,10,2,2
467,1,-1,2,-1,2,1,0,0,4,1,-1,1,3,3,3,3,-1,1,58,1,2,9,2,-2,-2,10,2,1
468,0,3,0,1,1,0,1,0,3,1,0,3,3,1,0,0,0,1,24,1,4,14,2,-2,1000,17,2,2
473,4,-1,2,-1,1,1,1,0,4,1,0,1,4,3,2,2,1,1,53,1,3,13,2,-2,-2,10,2,1
474,1,0,0,1,1,1,0,1,4,1,0,3,4,1,0,0,0,1,46,1,3,13,2,-2,2500,17,2,1
475,3,0,0,1,1,1,1,0,4,1,1,1,3,3,3,3,0,1,60,1,1,6,2,-2,6000,10,2,1
479,3,3,0,1,0,1,0,1,4,1,0,3,4,3,3,0,2,1,23,1,3,13,2,-2,1500,16,2,1
481,4,3,2,0,1,1,0,4,4,1,0,1,4,1,4,3,3,1,22,1,3,13,2,-2,2000,5,1,1
482,4,3,2,1,1,1,0,8,4,1,0,0,4,0,0,0,0,1,30,1,4,17,0,0,4000,4,1,2
485,3,3,2,0,1,0,0,9,3,1,0,0,4,0,0,2,2,1,40,0,5,19,0,1,2000,4,1,2
486,4,3,1,0,1,1,0,10,4,1,0,0,3,0,0,0,0,1,54,1,3,13,2,-2,-2,4,1,1
489,0,-1,-1,1,2,1,0,8,4,1,0,-1,3,0,0,0,0,1,30,0,4,17,0,3,-2,1,1,2
490,1,2,2,0,0,1,1,1,4,1,0,1,4,0,2,0,2,1,64,1,2,9,2,-2,3000,1,1,1
494,4,-1,2,0,1,1,0,0,4,1,0,0,3,0,0,1,0,1,22,1,4,17,2,-2,-2,22,1,2
495,1,3,2,0,0,1,1,5,4,1,-1,3,-1,3,2,2,1,1,51,1,1,6,2,-2,4000,1,1,1
497,3,-1,-1,0,1,1,1,0,4,1,0,0,1,1,0,0,0,1,21,1,3,13,2,-2,-2,2,1,1
499,0,3,2,0,0,1,2,0,0,1,0,3,4,0,1,-1,-1,1,65,0,3,13,1,-2,2000,10,2,1
504,2,3,2,0,1,1,0,0,4,0,0,1,4,0,1,0,0,1,35,1,5,19,2,-2,-2,4,1,2
505,0,1,2,0,1,1,1,2,4,1,0,3,3,1,0,-1,1,1,28,0,4,17,1,-2,3000,8,1,2
506,4,3,0,1,1,1,0,10,2,0,2,4,1,4,4,0,4,1,19,0,2,9,1,-2,-2,4,1,1
507,0,-1,-1,1,2,1,1,0,-1,1,1,3,4,-1,0,3,-1,1,85,2,1,6,2,-2,-2,4,1,1
508,3,3,2,0,2,1,1,0,3,1,0,1,2,1,3,3,2,1,20,0,3,13,0,1,-2,8,1,1
515,3,3,0,1,0,0,1,2,3,1,1,3,1,4,4,2,1,1,43,1,5,19,2,-2,7000,2,1,2
517,4,3,2,1,1,1,0,2,4,1,0,1,3,0,0,1,0,1,24,0,4,16,3,-2,-2,13,2,2
518,4,3,2,0,1,0,0,3,4,1,0,0,3,1,1,1,1,1,30,1,4,17,2,-2,3500,4,1,2
521,2,3,0,2,0,0,0,2,4,0,0,3,4,2,2,0,0,1,60,1,2,7,2,-2,-2,14,2,1
526,4,3,2,0,1,1,0,18,4,1,0,0,4,0,0,2,1,1,26,1,4,15,0,1,4000,19,2,2
527,0,3,1,1,1,1,0,12,3,1,0,0,4,0,0,0,0,1,40,1,3,13,0,1,10000,21,2,1
528,0,0,0,2,2,0,0,4,4,1,0,1,4,1,-1,0,1,1,62,1,2,7,2,-2,-2,14,2,1
529,4,3,2,1,1,1,0,1,4,1,0,1,4,3,2,1,1,1,52,1,2,7,2,-2,6000,14,2,1
530,4,3,2,2,1,1,0,0,4,1,0,2,3,3,3,2,1,1,35,1,4,14,2,-2,-2,14,2,2
533,4,3,2,1,0,1,0,12,3,1,0,1,4,1,1,1,0,1,51,1,3,13,0,3,5000,14,2,1
537,4,3,0,0,0,1,2,10,4,1,1,3,3,1,2,0,-1,1,34,0,3,13,0,0,6000,13,2,1
539,0,2,2,1,1,1,1,8,4,1,0,0,3,0,0,0,0,1,31,0,4,17,0,1,5000,4,1,2
540,0,2,-1,1,2,1,0,1,4,1,1,-1,3,4,3,4,3,1,52,2,2,9,0,0,-2,4,1,1
541,0,3,2,0,1,1,0,2,4,1,0,1,3,3,3,-1,-1,1,72,2,3,10,2,-2,-2,4,1,1
542,4,-1,1,1,0,0,1,25,4,1,1,0,4,0,4,2,3,1,30,1,4,17,2,-2,3500,15,2,2
543,4,3,2,0,0,1,0,0,4,0,0,0,4,0,3,1,0,1,33,1,5,19,2,-2,2500,15,2,2
545,3,3,2,1,1,1,0,3,2,1,0,0,4,3,0,1,1,1,30,1,3,13,2,-2,3000,15,2,1
549,2,-1,2,0,0,1,0,3,2,1,0,0,4,0,1,2,-1,1,23,1,2,9,2,-2,2500,15,2,1
553,0,2,0,1,1,1,0,1,4,1,0,3,4,0,0,0,0,1,50,1,3,13,2,-2,4000,15,2,1
561,0,3,0,0,1,1,0,4,4,1,0,1,3,0,0,0,1,1,60,1,3,13,2,-2,7500,4,1,1
563,1,-1,-1,0,1,1,0,2,4,1,0,3,3,3,3,3,1,1,49,1,3,13,2,-2,-2,7,1,1
570,4,-1,2,1,1,1,0,0,4,1,1,3,3,3,3,1,-1,1,43,2,4,17,0,0,3000,11,2,2
572,3,1,2,1,0,1,0,24,4,1,0,1,3,3,2,2,2,1,48,1,4,17,0,0,4000,10,2,2
573,2,3,2,1,0,1,0,0,4,1,1,1,3,3,2,3,2,1,37,1,3,13,2,-2,6000,10,2,1
574,4,3,2,0,0,1,1,12,4,0,1,3,3,3,2,2,3,1,42,1,4,17,0,0,-2,10,2,2
577,1,3,2,0,1,1,0,0,4,0,0,3,3,1,0,1,1,1,42,1,3,13,2,-2,-2,10,2,1
578,1,3,2,0,1,1,1,3,4,1,0,1,1,1,2,2,3,1,46,1,3,12,2,-2,2500,9,2,1
581,2,-1,0,-1,0,1,0,2,4,1,1,1,3,0,2,0,0,1,59,1,4,15,4,-2,-2,12,2,2
582,2,3,1,0,1,1,1,0,4,1,1,2,3,3,2,2,1,1,18,0,3,13,3,-2,1000,14,2,1
583,4,3,0,0,1,1,1,1,4,1,0,0,4,0,1,1,3,1,37,1,3,13,2,-2,3000,8,1,1
586,4,3,2,1,0,1,1,7,4,1,0,1,4,0,2,1,2,1,20,0,4,17,3,-2,10000,4,1,2
587,4,3,2,0,1,1,0,10,4,1,0,0,4,0,0,0,0,1,22,0,4,17,0,1,-2,14,2,2
588,1,0,0,1,0,0,0,0,4,1,0,0,4,1,0,0,2,1,37,1,4,17,0,1,-2,14,2,2
589,4,3,1,0,2,1,0,1,4,0,0,1,3,1,2,-1,0,1,65,1,3,13,2,-2,3000,6,1,1
590,4,3,2,0,1,1,1,2,4,0,0,1,4,4,2,1,0,1,26,1,3,13,0,1,-2,14,2,1
592,2,3,0,0,0,1,1,3,4,0,0,1,4,2,0,0,1,1,24,0,5,18,3,-2,3000,14,2,2
597,1,3,2,1,1,1,0,1,4,0,0,0,4,0,0,2,0,1,26,0,4,17,1,-2,4000,17,2,2
599,3,1,0,0,1,1,0,1,4,1,0,0,4,0,0,0,0,1,34,1,4,17,2,-2,5000,8,1,2
601,4,-1,-1,0,1,1,0,0,4,1,0,1,4,1,4,4,1,1,58,1,2,9,2,-2,4000,13,2,1
608,1,-1,0,0,2,1,1,1,4,1,0,0,4,1,3,-1,2,1,41,1,1,-1,2,-2,-2,15,2,1
609,0,1,0,0,1,1,1,4,4,1,1,4,2,4,4,2,0,1,35,1,3,13,2,-2,1000,11,2,1
611,1,-1,1,0,2,0,0,0,4,1,0,3,4,2,3,3,3,1,42,1,3,13,2,-2,2500,17,2,1
612,1,0,2,0,2,1,1,0,4,1,0,0,4,0,0,0,0,1,40,1,5,19,2,-2,20000,2,1,2
613,4,3,1,0,2,0,0,0,4,1,0,1,3,1,3,4,0,1,40,1,2,9,2,-2,2000,4,1,1
614,2,0,0,0,1,1,1,1,4,1,0,0,3,2,-1,-1,-1,1,60,1,-1,-1,2,-2,-2,1,1, 
616,4,3,2,0,1,1,0,11,4,0,0,1,4,1,2,2,3,1,28,1,4,17,0,1,5500,14,2,2
617,2,-1,2,1,1,1,0,4,2,1,0,0,4,1,2,2,1,1,30,1,3,13,2,-2,5000,19,2,1
620,4,2,0,0,0,1,1,0,4,1,1,3,3,3,3,2,2,1,40,1,3,13,2,-2,-2,14,2,1
622,1,3,1,2,1,1,1,1,2,1,0,3,4,1,2,2,2,1,29,0,4,15,0,1,4000,8,1,2
623,3,3,-1,1,1,1,0,12,4,0,0,0,4,0,0,0,0,1,50,2,3,-1,0,1,4000,18,2,1
624,4,3,1,0,1,1,0,8,3,1,0,4,4,1,1,1,2,1,30,0,4,17,0,1,-2,16,2,2
627,2,1,0,1,1,1,0,1,3,1,0,0,0,0,0,1,1,1,38,1,2,8,2,-2,4000,11,2,1
630,4,-1,2,1,1,1,0,10,4,1,0,4,4,0,-1,0,0,1,49,1,2,9,0,1,5000,4,1,1
631,4,3,2,0,1,1,0,0,4,1,0,0,4,0,0,0,1,1,40,1,4,17,2,-2,2000,12,2,2
633,4,3,2,0,1,0,0,12,3,1,0,0,4,3,2,2,2,1,40,0,4,17,0,0,-2,14,2,2
634,2,3,0,1,0,1,1,4,4,1,0,3,4,0,4,0,2,1,46,1,3,13,2,-2,1700,15,2,1
635,4,-1,-1,0,1,1,0,0,4,1,0,1,3,1,3,4,4,1,75,1,3,13,2,-2,4500,5,1,1
636,3,1,2,0,2,1,0,7,4,1,1,1,4,3,1,2,2,1,21,0,4,16,3,-2,10000,3,1,2
637,4,3,1,0,1,1,1,6,4,1,0,0,3,3,2,4,3,1,35,1,4,17,0,1,3000,4,1,2
640,0,3,2,1,1,1,0,0,4,0,0,0,3,0,0,0,2,1,32,1,4,15,2,-2,5000,5,1,2
641,3,-1,2,0,0,0,1,0,4,1,0,0,3,0,2,1,0,1,50,1,3,13,2,-2,5000,5,1,1
642,4,3,2,0,1,1,0,2,4,1,0,0,3,0,0,3,2,1,59,1,3,13,2,-2,8000,5,1,1
643,2,1,2,0,1,1,0,25,4,1,1,3,2,3,0,0,0,1,35,1,3,13,2,-2,4500,11,2,1
646,4,-1,1,1,0,1,0,2,4,1,0,3,4,3,2,3,2,1,40,1,3,13,2,-2,5000,5,1,1
648,3,3,2,0,1,1,0,0,4,1,0,0,0,0,0,0,2,1,31,0,4,17,0,1,-2,4,1,2
650,0,-1,2,1,1,1,1,0,4,1,0,0,3,0,0,0,0,1,25,0,4,17,0,1,5000,4,1,2
651,4,-1,2,1,1,1,0,1,4,1,0,1,3,1,0,1,0,1,28,0,4,15,0,1,4000,4,1,2
652,3,3,0,0,1,1,1,1,4,0,0,2,4,1,0,1,1,1,39,0,6,23,0,3,3000,4,1,2
653,0,3,2,1,2,1,0,6,4,0,-1,0,3,0,0,0,0,1,35,1,4,15,0,1,5000,20,2,2
655,0,3,0,0,1,1,0,0,3,1,1,1,3,3,3,2,2,1,30,1,0,1,2,-2,2000,16,2,1
659,1,3,2,0,1,1,0,1,4,1,0,3,3,1,1,1,1,1,24,1,3,13,2,-2,3000,18,2,1
660,0,1,0,0,1,1,0,2,4,0,1,1,3,-1,0,0,0,1,22,0,4,15,1,-2,-2,2,1,2
661,3,3,2,1,1,1,0,1,4,1,0,1,3,1,1,1,1,1,30,1,4,17,1,-2,3000,2,1,2
666,2,3,2,0,1,0,1,0,4,1,0,0,3,1,2,0,2,1,18,0,3,13,1,-2,-2,1,1,1
668,0,-1,0,2,1,1,1,0,-1,1,2,3,3,1,-1,-1,-1,1,70,1,0,1,2,-2,-2,18,2,1
669,2,3,-1,1,0,0,1,4,2,1,0,3,3,1,1,-1,1,1,34,1,1,6,2,-2,-2,18,2,1
671,1,-1,-1,-1,1,0,0,0,1,1,0,3,4,1,3,2,2,1,50,1,1,6,2,-2,-2,18,2,1
672,0,1,0,1,0,1,1,1,4,1,0,1,3,1,2,1,-1,1,50,2,3,13,2,-2,-2,9,2,1
674,1,0,0,0,0,0,0,0,4,1,0,1,4,2,3,0,0,1,52,1,1,6,2,-2,2000,17,2,1
675,2,1,-1,0,1,1,1,25,4,1,0,1,3,3,-1,2,1,1,64,2,0,1,2,-2,-2,18,2,1
676,4,-1,2,0,0,0,1,1,4,1,0,1,4,1,2,0,0,1,54,2,2,9,2,-2,3500,18,2,1
677,4,2,2,1,0,0,0,2,4,0,1,1,2,3,0,1,0,1,21,0,4,16,3,-2,-2,18,2,2
679,1,3,0,1,1,1,0,0,4,0,0,0,4,1,3,1,0,1,42,1,3,13,1,-2,4000,9,2,1
680,4,-1,0,0,0,1,0,0,4,1,1,1,1,3,2,2,1,1,40,1,3,12,2,-2,-2,19,2,1
682,4,3,2,0,1,0,1,0,4,1,0,0,4,2,3,3,2,1,23,0,4,17,0,1,4000,11,2,2
684,2,3,2,-1,0,1,0,5,4,1,1,1,3,1,1,1,0,1,34,1,4,16,2,-2,8000,20,2,2
685,2,3,2,0,0,0,0,25,3,1,0,1,3,1,0,0,3,1,50,1,3,13,2,-2,-2,20,2,1
686,1,3,2,1,1,1,0,5,4,1,1,1,3,3,1,0,1,1,20,0,4,14,3,-2,4000,20,2,2
687,1,3,2,1,0,1,1,0,3,1,0,1,3,3,1,0,0,1,34,1,7,20,0,0,5000,20,2,2
688,4,3,2,0,0,1,0,0,4,1,0,0,4,3,3,2,1,1,42,1,3,13,2,-2,2500,20,2,1
690,0,3,2,1,0,1,1,1,4,1,1,3,3,3,3,3,-1,1,66,2,4,15,4,-2,2000,20,2,2
691,4,3,0,1,0,1,1,0,4,0,1,1,3,3,4,3,1,1,52,1,4,15,2,-2,-2,20,2,2
704,0,-1,0,0,2,1,1,2,4,0,2,3,3,2,-1,-1,-1,1,43,1,2,9,2,-2,1000,20,2,1
705,1,3,2,0,1,1,1,14,4,1,0,3,4,3,3,1,0,1,22,0,3,12,0,2,4000,2,1,1
706,0,-1,0,0,1,1,1,0,4,1,1,1,4,2,2,3,2,1,50,1,2,9,2,-2,-2,7,1,1
707,4,2,2,1,1,1,1,8,4,1,0,0,4,0,0,0,0,1,23,0,4,17,0,1,7000,11,2,2
709,2,3,2,0,1,1,0,1,4,1,0,3,4,1,3,3,3,1,25,0,4,17,1,-2,10000,5,1,2
714,2,3,2,0,0,1,0,2,4,1,1,4,4,0,0,0,0,1,38,1,5,19,2,-2,-2,14,2,2
715,2,3,2,0,0,1,0,4,4,1,0,2,3,0,1,0,0,1,19,0,4,14,3,-2,-2,5,1,2
716,3,2,2,0,1,1,1,1,3,1,0,1,3,1,2,2,2,1,48,1,3,13,2,-2,4000,5,1,1
717,2,2,2,0,1,1,0,0,4,1,0,0,0,0,0,0,0,1,44,1,4,17,2,-2,5500,5,1,2
718,0,-1,2,1,0,1,0,25,2,1,0,1,3,1,0,1,0,1,32,1,4,15,2,-2,7000,5,1,2
721,2,3,2,1,2,1,0,8,4,1,1,3,3,3,2,1,0,1,19,0,3,13,3,-2,-2,7,1,1
722,2,1,1,0,1,1,1,2,4,1,0,0,4,1,0,0,0,1,59,2,3,13,2,-2,2000,8,1,1
724,4,3,2,0,1,1,0,0,4,1,0,0,4,0,0,0,0,1,40,1,4,17,2,-2,1500,15,2,2
725,3,3,2,1,2,1,0,0,4,0,0,0,4,0,2,0,0,1,42,1,3,13,2,-2,3500,15,2,1
726,-1,3,2,-1,1,1,0,0,4,1,0,0,3,0,-1,1,1,1,59,1,3,12,2,-2,-2,8,1,1
727,0,3,-1,0,2,1,1,1,4,1,0,1,4,2,2,1,-1,1,67,2,1,6,2,-2,2000,8,1,1
728,1,3,2,0,0,1,1,25,2,1,0,3,4,0,1,2,-1,1,45,1,4,17,2,-2,8000,5,1,2
729,2,-1,0,0,1,1,0,3,4,1,0,4,4,0,0,0,-1,1,63,1,4,15,2,-2,4000,5,1,2
730,1,3,2,0,0,1,0,0,4,1,1,4,1,4,2,2,2,1,42,1,2,9,2,-2,-2,15,2,1
731,4,1,2,0,1,1,0,0,4,1,0,0,4,3,-1,0,2,1,49,1,2,9,2,-2,2000,15,2,1
732,4,3,2,0,1,1,0,0,4,1,0,0,4,0,0,1,2,1,20,0,4,17,3,-2,-2,15,2,2
733,4,3,0,1,1,1,0,12,4,0,1,3,3,4,0,0,2,1,32,1,3,13,2,-2,-2,15,2,1
734,3,1,0,2,2,0,0,3,4,1,1,3,4,4,-1,3,0,1,60,1,3,13,2,-2,-2,15,2,1
735,3,3,0,0,2,1,1,4,4,1,1,4,4,3,3,2,1,1,50,1,4,17,2,-2,-2,1,1,2
737,4,3,2,1,0,1,1,1,4,1,0,4,4,0,3,3,0,1,45,1,4,17,0,0,10000,20,2,2
738,4,0,0,0,1,1,1,1,4,1,1,2,4,3,3,2,1,1,61,2,1,4,2,-2,2000,15,2,1
741,4,-1,0,1,0,1,0,0,4,1,1,3,4,3,3,1,0,1,60,1,4,17,4,-2,5000,8,1,2
742,4,3,2,0,0,0,1,0,3,1,0,0,3,0,1,1,0,1,38,1,4,17,2,-2,7000,8,1,2
744,3,-1,0,1,0,1,0,0,3,0,1,3,2,4,3,2,0,1,34,1,5,19,0,1,3000,13,2,2
748,1,-1,2,1,1,1,0,2,4,1,0,1,4,1,3,2,2,1,30,0,3,13,2,-2,2000,15,2,1
749,4,3,2,0,1,1,0,0,4,1,0,4,4,3,0,0,1,1,30,1,4,17,2,-2,3500,16,2,2
750,4,-1,2,2,1,0,0,0,4,0,0,0,4,0,0,2,0,1,53,1,3,13,2,-2,-2,6,1,1
758,1,3,1,2,2,1,1,1,4,0,1,3,3,4,2,2,2,1,26,1,3,13,2,-2,-2,5,1,1
760,3,-1,-1,1,2,1,1,2,4,1,0,3,2,3,-1,-1,0,1,59,1,0,1,2,-2,-2,17,2,1
761,4,2,1,1,1,1,0,2,4,1,0,0,4,0,1,0,0,1,40,1,3,13,2,-2,-2,8,1,1
766,2,-1,0,0,0,0,0,0,4,1,0,3,4,1,3,2,0,1,43,1,3,13,2,-2,2500,20,2,1
767,3,1,2,1,1,1,0,2,4,1,0,3,4,1,1,0,1,1,37,1,4,17,2,-2,7000,20,2,2
769,1,3,0,1,0,1,0,3,2,1,1,1,3,4,2,3,1,1,45,2,3,13,2,-2,1500,20,2,1
772,0,3,0,0,1,1,1,3,3,1,0,0,3,0,3,1,0,1,24,1,4,17,0,0,3000,20,2,2
773,2,3,0,0,1,1,0,0,4,1,0,1,1,1,4,0,0,1,59,2,2,7,2,-2,2500,4,1,1
774,4,-1,-1,0,1,1,0,1,4,1,0,1,4,1,-1,1,1,1,85,2,0,1,2,-2,700,8,1,1
775,0,-1,2,1,0,1,0,15,4,1,0,0,3,0,1,1,0,1,55,1,3,13,2,-2,6000,8,1,1
776,4,-1,-1,0,1,1,0,0,4,1,-1,-1,3,-1,2,2,-1,1,40,1,3,13,2,-2,-2,18,2,1
781,4,-1,2,0,2,0,0,1,4,1,-1,0,3,1,3,3,3,1,55,1,1,4,2,-2,-2,3,1,1
782,1,3,2,1,1,1,1,2,2,1,0,3,3,4,0,0,3,1,18,0,2,8,1,-2,-2,18,2,1
783,0,0,0,1,0,1,1,1,4,1,1,1,1,1,4,1,4,1,34,1,0,1,2,-2,2000,18,2,1
787,4,3,2,0,1,1,0,8,4,1,0,1,4,1,1,1,0,1,34,1,4,17,0,1,8000,12,2,2
788,0,1,2,1,1,0,1,6,4,0,0,0,3,0,4,1,0,1,38,1,4,17,2,-2,20000,2,1,2
790,3,3,2,0,2,1,0,6,4,0,0,1,4,0,0,0,0,1,34,0,5,19,0,1,7000,2,1,2
795,2,-1,-1,0,1,1,0,0,4,1,0,0,3,1,3,2,-1,1,60,1,5,19,0,0,-2,2,1,2
797,0,3,1,0,1,1,0,0,3,0,0,1,3,1,4,0,0,1,26,1,3,13,2,-2,3500,18,2,1
801,2,3,2,0,1,0,0,2,4,1,0,1,2,1,2,2,2,1,29,1,5,19,2,-2,2000,5,1,2
802,2,3,2,0,1,1,1,1,4,1,0,0,2,0,2,0,0,1,66,1,3,13,2,-2,3000,5,1,1
803,2,3,-1,1,0,1,0,0,4,0,0,0,0,1,2,2,1,1,38,1,4,17,0,1,-2,5,1,2
811,3,3,1,1,2,1,0,0,4,1,0,0,3,1,2,0,1,1,29,1,5,19,2,-2,4000,5,1,2
814,4,3,1,0,0,0,0,1,4,1,0,0,4,0,1,1,1,1,42,1,3,13,2,-2,3000,22,1,1
818,4,3,2,0,2,1,1,0,4,1,0,0,4,3,2,1,2,1,64,2,2,9,2,-2,5000,5,1,1
822,4,-1,-1,0,1,1,0,0,4,1,0,0,4,0,0,-1,-1,1,66,1,3,13,2,-2,15000,5,1,1
823,1,-1,1,1,2,1,0,0,4,1,-1,2,2,2,3,2,-1,1,35,1,3,13,2,-2,-2,5,1,1
826,2,-1,0,0,2,1,0,10,4,1,0,1,3,1,0,0,2,1,42,1,1,3,0,1,2500,21,2,1
827,4,-1,-1,1,2,1,0,0,4,1,1,3,3,1,0,0,2,1,34,1,2,9,2,-2,6500,2,1,1
828,3,-1,2,0,0,1,0,25,4,1,0,1,3,0,3,3,3,1,60,1,1,6,2,-2,2700,5,1,1
829,2,-1,2,1,2,1,1,1,4,1,0,1,3,3,0,-1,0,1,37,1,2,9,2,-2,1500,17,2,1
832,4,3,2,2,1,1,0,0,2,1,0,0,4,3,0,0,3,1,34,1,4,17,2,-2,5000,2,1,2
833,4,2,0,0,0,1,1,0,4,1,0,0,2,0,2,1,0,1,27,0,5,19,1,-2,8000,5,1,2
835,3,3,2,1,1,1,0,8,2,1,1,3,1,3,3,0,0,1,43,0,5,19,0,0,5000,5,1,2
836,4,3,0,2,1,0,0,0,4,1,0,0,4,1,2,2,0,1,58,1,3,13,4,-2,3500,5,1,1
838,0,3,0,0,0,1,1,1,4,1,0,0,4,1,2,2,2,1,38,1,3,13,2,-2,5500,2,1,1
840,0,3,2,0,1,1,0,2,4,1,0,0,4,1,0,0,0,1,52,1,6,23,0,2,5500,3,1,2
841,4,3,-1,0,0,0,0,0,4,1,0,3,2,1,2,2,1,1,67,1,3,13,2,-2,5500,2,1,1
842,2,2,2,0,1,0,0,2,4,1,1,1,1,3,3,2,0,1,44,1,2,9,2,-2,-2,18,2,1
843,1,-1,1,1,0,1,1,0,4,1,2,3,1,3,3,-1,-1,1,70,2,0,1,2,-2,-2,18,2,1
844,3,-1,0,0,1,0,1,0,4,1,1,3,1,1,3,2,2,1,18,0,3,13,3,-2,-2,18,2,1
845,4,3,2,0,1,0,0,0,4,1,0,0,4,0,0,0,0,1,40,1,4,15,2,-2,4000,12,2,2
849,1,3,2,2,1,1,1,25,4,1,1,3,3,2,3,-1,-1,1,34,1,3,13,2,-2,5000,13,2,1
852,0,3,2,0,0,1,1,0,4,1,-1,2,3,2,-1,2,2,1,20,0,4,14,3,-2,-2,13,2,2
856,4,-1,2,0,1,1,0,4,4,1,0,2,3,1,2,2,2,1,46,0,4,17,1,-2,-2,22,1,2
859,1,3,2,1,0,0,0,0,4,1,0,3,3,1,1,0,0,1,31,1,5,19,0,1,6000,8,1,2
862,2,3,2,2,1,1,0,24,2,1,0,1,4,1,0,0,2,1,23,1,4,15,2,-2,-2,18,2,2
866,3,3,2,0,1,1,1,0,4,1,0,1,3,0,0,4,1,1,34,1,5,19,2,-2,-2,20,2,2
871,0,3,2,0,1,0,1,5,4,1,0,0,4,0,0,0,0,1,33,0,5,19,0,1,3000,3,1,2
874,2,3,1,0,1,0,1,12,4,1,0,0,3,0,1,0,1,1,25,1,4,17,0,0,2000,8,1,2
875,2,3,0,2,1,1,1,2,4,1,0,1,3,0,2,1,1,1,53,1,3,13,2,-2,4000,1,1,1
877,3,3,2,1,1,0,0,3,4,1,0,1,2,2,1,2,2,1,22,0,4,17,0,1,4000,4,1,2
878,2,3,2,0,0,1,0,3,4,1,0,1,4,3,1,1,1,1,34,1,4,15,2,-2,15000,13,2,2
880,4,1,1,0,2,1,1,0,4,1,0,1,4,1,4,1,2,1,61,1,3,13,2,-2,6000,14,2,1
885,4,3,2,0,1,1,0,10,4,0,0,0,4,0,0,0,0,1,30,1,3,13,0,1,7000,8,1,1
890,1,3,2,1,1,1,1,1,4,1,1,1,2,3,2,2,3,1,50,1,3,13,2,-2,5000,14,2,1
892,2,3,1,2,1,1,0,0,4,1,0,0,4,0,2,0,2,1,50,1,3,13,2,-2,3000,4,1,1
893,0,-1,2,1,0,1,0,4,1,1,0,3,4,0,0,0,0,1,43,1,4,17,2,-2,10000,3,1,2
895,2,0,0,0,2,1,0,0,4,1,0,0,4,0,1,1,2,1,73,2,2,7,2,-2,-2,14,2,1
896,3,3,1,2,0,1,0,1,4,0,1,0,1,2,2,2,1,1,52,1,3,13,2,-2,3000,14,2,1
897,1,3,2,0,1,0,0,0,4,1,0,0,4,0,3,0,0,1,58,2,3,13,2,-2,6000,15,2,1
898,4,2,0,0,1,0,1,0,4,0,0,1,4,0,0,1,0,1,48,1,5,19,4,-2,10000,8,1,2
899,0,-1,0,0,2,1,1,2,4,1,1,3,3,3,0,3,3,1,57,1,3,13,2,-2,6000,12,2,1
902,2,0,0,0,0,1,0,0,4,1,0,3,3,1,3,1,1,1,65,1,1,-1,2,-2,4000,8,1,1
903,4,3,1,0,1,1,1,10,4,0,0,1,3,0,1,0,2,1,27,0,4,17,0,0,10000,5,1,2
908,2,2,1,0,2,1,0,1,4,1,0,1,3,1,2,2,0,1,45,1,3,13,2,-2,4000,8,1,1
909,3,3,2,1,0,0,0,0,4,1,0,0,4,0,2,0,0,1,49,1,4,17,0,0,5000,4,1,2
911,2,3,2,0,0,1,1,0,3,1,1,2,3,1,0,2,2,1,62,1,3,13,2,-2,2000,13,2,1
913,4,-1,2,0,2,1,0,25,3,0,1,4,3,3,1,0,-1,1,43,1,2,9,2,-2,3000,15,2,1
914,4,-1,2,1,1,1,0,11,4,1,1,0,4,3,2,0,0,1,37,1,3,13,0,1,4000,15,2,1
915,4,3,2,0,1,1,0,8,4,1,0,0,4,0,2,2,1,1,40,1,5,19,0,0,9000,5,1,2
916,4,3,2,0,0,0,0,17,4,1,0,0,4,0,0,2,3,1,34,1,4,17,0,0,6000,20,2,2
917,4,3,2,0,1,1,0,1,4,1,0,2,4,3,4,2,1,1,38,1,3,13,2,-2,45000,20,2,1
920,4,3,2,0,1,0,1,0,1,0,0,1,4,0,0,0,2,1,25,0,4,17,1,-2,8000,20,2,2
921,0,3,1,1,0,0,0,6,2,1,0,4,4,0,1,0,0,1,45,1,4,15,2,-2,-2,14,2,2
924,3,-1,1,0,0,1,0,0,4,1,1,3,0,3,2,2,1,1,58,1,3,13,2,-2,-2,15,2,1
925,4,3,2,0,1,1,1,0,3,1,0,4,4,0,0,1,3,1,20,0,3,13,2,-2,2500,15,2,1
928,2,3,0,0,0,0,0,0,3,1,1,4,4,4,3,3,2,1,47,1,2,9,3,-2,-2,15,2,1
929,3,3,2,1,1,0,0,12,3,1,0,0,4,0,1,1,1,1,25,1,4,17,0,1,5000,15,2,2
930,4,3,1,0,0,0,1,0,3,1,1,4,3,3,3,0,1,1,48,1,2,9,2,-2,4000,15,2,1
931,4,3,0,0,1,1,0,0,4,1,0,0,4,0,0,3,3,1,27,1,3,13,2,-2,6000,15,2,1
932,4,1,2,0,1,1,0,10,4,1,0,3,3,3,2,2,1,1,30,1,4,17,0,1,3500,15,2,2
933,4,0,0,0,1,1,1,0,4,1,0,0,4,0,3,3,0,1,52,1,3,13,2,-2,3000,15,2,1
935,4,3,-1,0,1,1,1,7,4,1,0,0,4,0,0,0,0,1,42,0,5,19,0,1,-2,2,1,2
936,4,-1,2,0,1,1,1,0,4,1,1,4,1,3,1,1,3,1,55,1,4,15,2,-2,10000,2,1,2
939,0,1,2,0,1,0,0,0,4,1,0,3,3,1,4,-1,1,1,65,1,3,13,4,-2,4000,2,1,1
940,2,-1,2,0,1,1,1,1,4,1,0,3,3,3,1,3,3,1,70,1,0,1,2,-2,-2,2,1,1
942,2,3,2,1,0,0,0,0,4,0,0,3,4,2,3,2,2,1,34,1,4,17,2,-2,5000,2,1,2
945,3,3,2,0,1,1,0,0,4,1,0,0,3,1,2,1,-1,1,37,1,4,17,2,-2,7000,3,1,2
948,1,-1,1,0,1,0,1,4,3,1,0,1,3,3,2,3,3,1,60,1,3,10,2,-2,10000,2,1,1
949,3,-1,-1,0,0,0,0,0,4,1,0,0,4,0,0,1,2,1,49,1,4,17,2,-2,-2,2,1,2
950,3,3,1,1,0,0,0,0,3,1,0,1,4,1,2,2,1,1,40,1,4,17,2,-2,-2,2,1,2
952,2,3,1,0,0,1,0,0,4,1,0,0,4,0,2,2,2,1,70,1,5,18,4,-2,5000,2,1,2
957,0,-1,-1,2,2,1,1,0,4,1,-1,2,4,2,3,3,3,1,63,1,4,17,2,-2,-2,2,1,2
958,1,3,2,0,1,1,0,3,4,0,0,1,0,0,0,0,1,1,35,1,4,17,2,-2,2000,2,1,2
959,0,-1,-1,1,1,0,1,0,2,0,0,1,3,1,0,0,0,1,46,1,4,17,2,-2,6500,20,2,2
960,1,3,2,2,1,0,1,0,4,1,0,3,4,3,1,2,1,1,37,0,4,17,1,-2,-2,5,1,2
963,0,3,2,1,2,1,1,1,4,1,0,0,0,0,0,0,0,1,67,1,3,13,2,-2,4000,2,1,1
965,4,3,2,0,1,1,1,5,4,0,0,0,0,0,0,0,0,1,56,1,4,17,0,0,6500,2,1,2
968,4,-1,0,0,2,1,0,0,4,1,1,3,4,2,4,2,-1,1,70,2,1,6,2,-2,-2,5,1,1
969,4,3,0,0,1,1,1,1,4,1,0,3,3,3,4,2,4,1,38,1,8,-1,2,-2,4500,4,1, 
971,3,3,2,0,0,1,0,0,4,1,0,0,4,0,2,2,2,1,42,1,4,15,2,-2,-2,5,1,2
972,2,3,1,1,2,0,0,15,3,1,0,3,3,0,2,1,0,1,32,0,4,17,0,1,11000,5,1,2
973,0,3,2,0,1,1,0,0,4,1,0,0,4,0,4,2,0,1,33,0,4,17,0,1,7000,4,1,2
974,4,3,2,1,1,1,0,1,4,1,0,3,0,0,0,0,0,1,61,2,4,17,2,-2,5000,5,1,2
975,0,3,2,1,1,1,0,8,2,1,0,0,2,0,1,0,0,1,34,0,4,17,0,1,5000,5,1,2
976,2,-1,2,0,1,1,0,0,4,0,0,0,4,0,-1,0,2,1,50,1,4,17,2,-2,-2,5,1,2
977,4,3,0,1,1,1,0,1,4,1,0,2,4,0,0,3,0,1,27,1,4,17,2,-2,4500,2,1,2
980,3,2,0,0,1,1,0,0,4,1,1,1,4,0,3,3,1,1,52,1,1,-1,2,-2,-2,4,1,1
981,2,3,1,1,1,1,0,1,4,1,0,3,4,1,1,1,1,1,33,1,4,17,2,-2,-2,13,2,2
982,2,3,2,0,2,1,0,0,4,1,0,2,4,2,3,0,0,1,51,1,3,12,2,-2,-2,13,2,1
983,4,3,0,1,1,0,0,0,4,1,0,3,4,1,2,1,1,1,45,1,3,13,2,-2,2500,8,1,1
984,3,3,1,0,0,0,0,0,4,1,1,3,3,3,2,2,2,1,62,1,2,9,2,-2,-2,7,1,1
985,2,3,0,0,1,1,1,1,4,1,0,0,4,1,3,3,1,1,53,1,3,13,2,-2,5000,8,1,1
986,3,3,1,0,1,1,0,6,3,1,0,1,3,1,1,0,2,1,40,1,4,17,0,1,3000,8,1,2
990,2,-1,-1,0,1,1,0,2,4,0,1,1,3,1,1,2,1,1,34,1,3,13,2,-2,2000,18,2,1
991,2,3,1,0,1,1,0,0,3,1,1,3,3,3,2,2,1,1,35,1,3,13,2,-2,-2,18,2,1
992,2,0,0,0,2,1,0,0,2,1,2,1,3,2,3,3,2,1,63,2,0,1,2,-2,1000,18,2,1
994,1,3,2,0,1,1,0,0,4,1,0,0,3,1,2,1,1,1,49,1,4,15,2,-2,6000,4,1,2
997,3,0,0,2,0,1,0,0,4,1,1,2,2,3,2,2,2,1,47,1,3,13,2,-2,-2,13,2,1
998,0,3,2,1,1,1,0,1,4,0,0,1,4,1,1,0,0,1,52,1,5,19,2,-2,-2,13,2,2
999,4,3,0,0,1,1,0,0,4,1,0,1,4,3,1,1,0,1,50,1,5,19,2,-2,-2,13,2,2
1000,3,2,1,0,1,1,1,8,3,1,0,1,4,1,2,2,2,1,37,1,4,17,0,0,4000,13,2,2
1001,3,3,2,1,0,1,1,1,4,1,0,1,3,1,2,0,0,1,50,1,4,15,4,-2,-2,14,2,2
1002,0,3,1,0,1,1,0,7,4,1,0,4,4,3,4,2,1,1,41,1,3,13,2,-2,4000,8,1,1
1003,3,3,1,0,1,1,0,0,4,0,0,0,3,0,0,0,0,1,30,0,4,17,1,-2,5000,5,1,2
1004,4,2,2,1,1,1,0,1,4,1,0,1,4,0,3,0,0,1,29,1,5,19,2,-2,3000,8,1,2
1005,3,-1,2,0,1,1,0,11,3,1,1,1,4,2,2,2,0,1,44,1,3,13,0,1,3000,10,2,1
1006,4,3,2,-1,0,0,0,12,2,1,0,0,3,2,0,0,0,1,33,1,5,19,3,-2,-2,5,1,2
1007,1,2,-1,1,1,1,0,1,4,1,0,0,3,1,2,0,-1,1,59,1,3,11,2,-2,6000,8,1,1
1008,4,3,1,0,1,1,0,0,4,1,0,3,4,0,3,2,4,1,41,1,3,13,2,-2,-2,5,1,1
1010,0,-1,2,-1,1,0,0,-1,4,1,0,1,4,0,-1,-1,2,1,56,2,3,13,2,-2,-2,2,1,1
1011,3,3,2,-1,1,1,0,-1,4,0,0,3,4,1,2,1,2,1,36,1,4,17,0,1,-2,3,1,2
1012,4,-1,-1,0,2,1,0,-1,4,1,-1,2,2,3,3,3,3,1,30,1,5,19,1,-2,-2,18,2,2
1013,4,-1,0,0,1,1,0,-1,4,1,0,0,3,1,0,1,0,1,56,2,3,13,2,-2,-2,18,2,1
1014,1,3,2,0,1,1,0,-1,4,1,-1,2,4,0,2,0,0,1,28,0,4,17,0,1,-2,21,2,2
1015,4,3,0,1,0,1,0,-1,4,1,1,1,3,1,2,3,0,1,41,1,3,13,2,-2,3500,18,2,1
1017,0,3,0,1,1,0,0,-1,4,0,1,3,4,4,1,1,1,1,21,0,4,15,3,-2,-2,4,1,2
1018,4,3,2,0,1,1,2,-1,4,1,1,1,4,3,2,2,0,1,37,1,3,13,2,-2,2500,4,1,1
1020,4,3,2,1,1,1,0,-1,4,1,0,1,3,3,2,2,0,1,29,1,4,17,2,-2,6000,18,2,2
1021,3,2,2,0,1,0,0,-1,4,1,0,4,4,2,1,0,2,1,18,0,3,13,3,-2,-2,11,2,1
1022,3,1,1,0,1,1,0,-1,4,1,0,3,3,2,0,0,1,1,25,0,4,17,0,1,-2,13,2,2
1023,1,2,2,0,1,1,0,-1,4,1,0,3,4,3,3,0,2,1,43,1,3,13,2,-2,2000,15,2,1
1024,4,3,2,1,1,1,1,-1,4,1,0,1,4,3,3,0,2,1,58,1,0,1,2,-2,2500,15,2,1
1025,4,-1,0,0,1,1,1,-1,4,1,1,0,4,3,4,2,2,1,67,1,3,13,2,-2,3500,15,2,1
1026,1,-1,0,1,0,1,1,-1,4,1,2,3,0,4,4,3,1,1,41,1,3,13,0,1,3000,15,2,1
1027,3,3,0,0,0,1,0,-1,4,1,1,3,3,3,0,1,2,1,50,1,1,6,2,-2,3000,15,2,1
1028,4,0,2,0,0,1,0,-1,3,1,0,0,4,0,1,0,2,1,39,1,4,17,2,-2,5000,11,2,2
1029,4,-1,-1,0,2,1,0,-1,4,1,-1,3,3,2,-1,2,3,1,60,1,1,6,2,-2,-2,6,1,1
1030,4,-1,2,1,2,1,0,-1,3,1,1,3,4,3,4,2,3,1,40,1,4,17,0,1,3500,18,2,2
1032,4,3,2,0,2,1,1,-1,4,1,0,1,4,1,3,2,1,1,35,0,4,17,2,-2,2000,14,2,2
1034,2,3,-1,0,1,0,1,-1,4,1,2,3,3,3,3,2,2,1,18,0,3,13,1,-2,-2,5,1,1
1036,4,3,2,1,1,1,0,-1,4,1,0,1,3,0,0,0,0,1,36,1,5,19,2,-2,2500,5,1,2
1037,4,3,0,0,1,0,0,-1,4,0,0,0,4,0,4,2,2,1,52,1,3,13,2,-2,3500,5,1,1
1038,3,3,0,1,0,1,0,-1,4,1,0,1,3,3,0,2,-1,1,37,1,4,17,2,-2,10000,2,1,2
1039,4,2,0,2,2,0,0,-1,4,1,0,0,4,1,2,2,-1,1,46,1,3,13,2,-2,1500,5,1,1
1040,2,3,1,0,1,0,1,-1,4,1,1,1,3,1,2,2,2,1,18,0,3,13,3,-2,1000,2,1,1
1041,2,3,2,1,1,1,0,-1,4,0,0,3,2,3,2,-1,-1,1,46,1,3,13,2,-2,2500,14,2,1
1043,4,3,2,0,0,1,1,-1,4,1,0,0,3,0,0,1,0,1,60,1,3,13,2,-2,3700,2,1,1
1045,3,3,2,1,1,1,0,-1,4,1,0,0,3,1,2,2,2,1,35,1,4,17,0,1,-2,5,1,2
1046,4,3,0,0,1,0,0,-1,4,1,0,2,3,2,0,1,0,1,18,0,3,13,1,-2,3000,2,1,1
1047,1,3,2,1,0,1,1,-1,4,1,0,0,2,1,0,0,0,1,32,0,4,17,0,1,4500,5,1,2
1048,2,-1,1,0,1,1,1,-1,4,0,0,1,3,1,2,2,-1,1,35,1,5,19,2,-2,-2,2,1,2
1053,4,-1,2,0,1,1,0,-1,4,1,0,3,3,1,-1,1,1,1,66,2,0,1,2,-2,3500,13,2,1
1054,4,2,0,0,2,1,0,-1,4,1,-1,1,4,1,0,3,3,1,69,1,1,6,2,-2,-2,13,2,1
1055,1,3,0,0,1,1,1,-1,4,1,0,1,3,0,4,4,0,1,47,0,3,13,2,-2,-2,2,1,1
1056,1,3,2,0,1,1,1,-1,4,1,0,1,3,0,3,1,-1,1,56,1,4,17,4,-2,-2,2,1,2
1058,2,3,2,0,1,1,1,-1,4,0,0,0,4,0,0,1,2,1,36,1,5,18,2,-2,5000,3,1,2
1059,1,0,0,0,1,1,0,-1,4,1,1,3,4,3,2,2,0,1,47,1,2,8,2,-2,2000,18,2,1
1060,0,1,2,1,1,1,0,-1,4,1,0,0,3,1,1,0,1,1,45,1,3,13,0,1,7000,22,1,1
1061,3,3,0,0,1,1,0,-1,4,0,1,0,1,3,3,1,1,1,62,1,3,13,2,-2,3500,22,1,1
1062,2,3,0,1,0,0,1,-1,4,1,0,1,4,3,2,2,1,1,35,1,5,19,2,-2,-2,14,2,2
1063,1,3,0,1,1,1,0,-1,4,0,0,1,4,0,0,0,1,1,29,1,3,13,2,-2,5000,22,1,1
1064,1,-1,0,1,1,0,0,-1,4,1,0,1,4,0,0,0,0,1,35,1,3,13,2,-2,6000,8,1,1
1065,2,2,0,-1,2,1,1,-1,3,1,0,1,4,-1,-1,-1,-1,1,25,0,-1,-1,0,1,-2,10,2, 
1066,4,3,2,0,1,0,0,-1,4,1,0,1,1,1,1,1,3,1,25,1,4,17,0,0,3500,5,1,2
1067,2,3,2,0,1,0,0,-1,1,0,0,0,0,1,0,4,0,1,40,1,3,13,2,-2,4000,2,1,1
1068,3,3,1,1,0,1,0,-1,4,0,1,3,3,4,1,0,0,1,26,1,4,17,2,-2,6000,7,1,2
1070,4,3,2,0,1,1,1,-1,4,1,0,1,4,0,0,0,0,1,26,0,4,17,0,3,-2,2,1,2
1071,4,3,2,1,1,0,0,-1,4,1,0,0,4,0,0,0,0,1,40,1,4,17,2,-2,5000,2,1,2
1072,1,3,-1,1,0,1,1,-1,3,1,-1,2,1,0,-1,3,0,1,33,0,6,21,0,1,-2,15,2,2
1073,2,3,1,0,0,1,1,-1,3,0,1,2,1,4,3,2,2,1,21,0,4,16,3,-2,-2,4,1,2
1074,2,3,2,0,1,1,0,-1,4,0,0,1,4,0,0,0,0,1,40,1,5,19,2,-2,10000,22,1,2
1075,4,3,1,0,1,0,0,-1,4,1,0,0,-1,-1,0,0,1,1,20,0,3,13,1,-2,-2,2,1,1
1076,4,3,2,1,1,0,0,-1,4,0,0,0,4,0,0,0,0,1,53,1,6,21,0,1,10000,2,1,2
1078,3,3,1,0,1,1,0,-1,4,1,0,3,4,0,2,2,1,1,23,0,4,15,3,-2,8000,15,2,2
1081,4,3,2,0,1,1,0,-1,4,1,0,3,4,1,0,0,1,1,22,0,4,15,3,-2,3000,17,2,2
